bank_id,event_date,event_type,source,notes
12311,2021-06-09,Branch Acquired in Merger/Consolidation/Failure,FDIC BankFind history API (CHANGECODE 713),Branch-level events collapsed to one bank-quarter flag.
12311,2025-10-20,Branch Acquired in Merger/Consolidation/Failure,FDIC BankFind history API (CHANGECODE 713),Branch-level events collapsed to one bank-quarter flag.
12311,2016-08-16,Branch Acquired in Merger/Consolidation/Failure,FDIC BankFind history API (CHANGECODE 713),Branch-level events collapsed to one bank-quarter flag.
12311,2007-09-21,Branch Acquired in Merger/Consolidation/Failure,FDIC BankFind history API (CHANGECODE 713),Branch-level events collapsed to one bank-quarter flag.
12311,2012-03-30,Branch Acquired in Merger/Consolidation/Failure,FDIC BankFind history API (CHANGECODE 713),Branch-level events collapsed to one bank-quarter flag.
12311,2006-03-01,Branch Acquired in Merger/Consolidation/Failure,FDIC BankFind history API (CHANGECODE 713),Branch-level events collapsed to one bank-quarter flag.
12311,2014-03-01,Branch Acquired in Merger/Consolidation/Failure,FDIC BankFind history API (CHANGECODE 713),Branch-level events collapsed to one bank-quarter flag.
12311,2009-10-02,Branch Acquired in Merger/Consolidation/Failure,FDIC BankFind history API (CHANGECODE 713),Branch-level events collapsed to one bank-quarter flag.
12311,2007-08-31,Branch Acquired in Merger/Consolidation/Failure,FDIC BankFind history API (CHANGECODE 713),Branch-level events collapsed to one bank-quarter flag.
143662,2023-03-01,Branch Acquired in Merger/Consolidation/Failure,FDIC BankFind history API (CHANGECODE 713),Branch-level events collapsed to one bank-quarter flag.
143662,2007-04-27,Branch Acquired in Merger/Consolidation/Failure,FDIC BankFind history API (CHANGECODE 713),Branch-level events collapsed to one bank-quarter flag.
143662,2014-04-18,Branch Acquired in Merger/Consolidation/Failure,FDIC BankFind history API (CHANGECODE 713),Branch-level events collapsed to one bank-quarter flag.
143662,2025-09-01,Branch Acquired in Merger/Consolidation/Failure,FDIC BankFind history API (CHANGECODE 713),Branch-level events collapsed to one bank-quarter flag.
143662,2006-06-03,Branch Acquired in Merger/Consolidation/Failure,FDIC BankFind history API (CHANGECODE 713),Branch-level events collapsed to one bank-quarter flag.
143662,2010-02-26,Branch Acquired in Merger/Consolidation/Failure,FDIC BankFind history API (CHANGECODE 713),Branch-level events collapsed to one bank-quarter flag.
143662,2010-06-18,Branch Acquired in Merger/Consolidation/Failure,FDIC BankFind history API (CHANGECODE 713),Branch-level events collapsed to one bank-quarter flag.
143662,2010-01-22,Branch Acquired in Merger/Consolidation/Failure,FDIC BankFind history API (CHANGECODE 713),Branch-level events collapsed to one bank-quarter flag.
143662,2012-11-14,Branch Acquired in Merger/Consolidation/Failure,FDIC BankFind history API (CHANGECODE 713),Branch-level events collapsed to one bank-quarter flag.
143662,2009-01-16,Branch Acquired in Merger/Consolidation/Failure,FDIC BankFind history API (CHANGECODE 713),Branch-level events collapsed to one bank-quarter flag.
143662,2024-01-01,Branch Acquired in Merger/Consolidation/Failure,FDIC BankFind history API (CHANGECODE 713),Branch-level events collapsed to one bank-quarter flag.
1842065,2008-12-01,Branch Acquired in Merger/Consolidation/Failure,FDIC BankFind history API (CHANGECODE 713),Branch-level events collapsed to one bank-quarter flag.
1842065,2009-07-02,Branch Acquired in Merger/Consolidation/Failure,FDIC BankFind history API (CHANGECODE 713),Branch-level events collapsed to one bank-quarter flag.
1842065,2009-04-01,Branch Acquired in Merger/Consolidation/Failure,FDIC BankFind history API (CHANGECODE 713),Branch-level events collapsed to one bank-quarter flag.
1842065,2009-06-30,Branch Acquired in Merger/Consolidation/Failure,FDIC BankFind history API (CHANGECODE 713),Branch-level events collapsed to one bank-quarter flag.
1842065,2010-11-01,Branch Acquired in Merger/Consolidation/Failure,FDIC BankFind history API (CHANGECODE 713),Branch-level events collapsed to one bank-quarter flag.
1929247,2016-03-01,Branch Acquired in Merger/Consolidation/Failure,FDIC BankFind history API (CHANGECODE 713),Branch-level events collapsed to one bank-quarter flag.
1929247,2019-04-01,Branch Acquired in Merger/Consolidation/Failure,FDIC BankFind history API (CHANGECODE 713),Branch-level events collapsed to one bank-quarter flag.
1929247,2018-01-01,Branch Acquired in Merger/Consolidation/Failure,FDIC BankFind history API (CHANGECODE 713),Branch-level events collapsed to one bank-quarter flag.
1929247,2017-04-01,Branch Acquired in Merger/Consolidation/Failure,FDIC BankFind history API (CHANGECODE 713),Branch-level events collapsed to one bank-quarter flag.
1929247,2010-07-16,Branch Acquired in Merger/Consolidation/Failure,FDIC BankFind history API (CHANGECODE 713),Branch-level events collapsed to one bank-quarter flag.
1929247,2025-01-01,Branch Acquired in Merger/Consolidation/Failure,FDIC BankFind history API (CHANGECODE 713),Branch-level events collapsed to one bank-quarter flag.
1929247,2020-06-08,Branch Acquired in Merger/Consolidation/Failure,FDIC BankFind history API (CHANGECODE 713),Branch-level events collapsed to one bank-quarter flag.
1929247,2018-09-01,Branch Acquired in Merger/Consolidation/Failure,FDIC BankFind history API (CHANGECODE 713),Branch-level events collapsed to one bank-quarter flag.
1929247,2010-12-10,Branch Acquired in Merger/Consolidation/Failure,FDIC BankFind history API (CHANGECODE 713),Branch-level events collapsed to one bank-quarter flag.
1929247,2011-11-01,Branch Acquired in Merger/Consolidation/Failure,FDIC BankFind history API (CHANGECODE 713),Branch-level events collapsed to one bank-quarter flag.
1929247,2017-05-01,Branch Acquired in Merger/Consolidation/Failure,FDIC BankFind history API (CHANGECODE 713),Branch-level events collapsed to one bank-quarter flag.
1929247,2012-01-27,Branch Acquired in Merger/Consolidation/Failure,FDIC BankFind history API (CHANGECODE 713),Branch-level events collapsed to one bank-quarter flag.
1929247,2014-06-02,Branch Acquired in Merger/Consolidation/Failure,FDIC BankFind history API (CHANGECODE 713),Branch-level events collapsed to one bank-quarter flag.
1929247,2009-01-30,Branch Acquired in Merger/Consolidation/Failure,FDIC BankFind history API (CHANGECODE 713),Branch-level events collapsed to one bank-quarter flag.
1929247,2006-01-20,Branch Acquired in Merger/Consolidation/Failure,FDIC BankFind history API (CHANGECODE 713),Branch-level events collapsed to one bank-quarter flag.
1929247,2014-01-17,Branch Acquired in Merger/Consolidation/Failure,FDIC BankFind history API (CHANGECODE 713),Branch-level events collapsed to one bank-quarter flag.
1929247,2012-01-20,Branch Acquired in Merger/Consolidation/Failure,FDIC BankFind history API (CHANGECODE 713),Branch-level events collapsed to one bank-quarter flag.
1929247,2012-06-01,Branch Acquired in Merger/Consolidation/Failure,FDIC BankFind history API (CHANGECODE 713),Branch-level events collapsed to one bank-quarter flag.
1929247,2010-08-20,Branch Acquired in Merger/Consolidation/Failure,FDIC BankFind history API (CHANGECODE 713),Branch-level events collapsed to one bank-quarter flag.
1929247,2022-03-01,Branch Acquired in Merger/Consolidation/Failure,FDIC BankFind history API (CHANGECODE 713),Branch-level events collapsed to one bank-quarter flag.
1929247,2017-01-20,Branch Acquired in Merger/Consolidation/Failure,FDIC BankFind history API (CHANGECODE 713),Branch-level events collapsed to one bank-quarter flag.
197478,2009-11-06,Branch Acquired in Merger/Consolidation/Failure,FDIC BankFind history API (CHANGECODE 713),Branch-level events collapsed to one bank-quarter flag.
197478,2014-01-18,Branch Acquired in Merger/Consolidation/Failure,FDIC BankFind history API (CHANGECODE 713),Branch-level events collapsed to one bank-quarter flag.
197478,2005-09-07,Branch Acquired in Merger/Consolidation/Failure,FDIC BankFind history API (CHANGECODE 713),Branch-level events collapsed to one bank-quarter flag.
197478,2007-08-18,Branch Acquired in Merger/Consolidation/Failure,FDIC BankFind history API (CHANGECODE 713),Branch-level events collapsed to one bank-quarter flag.
197478,2010-06-11,Branch Acquired in Merger/Consolidation/Failure,FDIC BankFind history API (CHANGECODE 713),Branch-level events collapsed to one bank-quarter flag.
197478,2006-03-18,Branch Acquired in Merger/Consolidation/Failure,FDIC BankFind history API (CHANGECODE 713),Branch-level events collapsed to one bank-quarter flag.
208244,2025-05-01,Branch Acquired in Merger/Consolidation/Failure,FDIC BankFind history API (CHANGECODE 713),Branch-level events collapsed to one bank-quarter flag.
208244,2024-04-01,Branch Acquired in Merger/Consolidation/Failure,FDIC BankFind history API (CHANGECODE 713),Branch-level events collapsed to one bank-quarter flag.
208244,2011-01-01,Branch Acquired in Merger/Consolidation/Failure,FDIC BankFind history API (CHANGECODE 713),Branch-level events collapsed to one bank-quarter flag.
208244,2022-02-16,Branch Acquired in Merger/Consolidation/Failure,FDIC BankFind history API (CHANGECODE 713),Branch-level events collapsed to one bank-quarter flag.
208244,2017-11-01,Branch Acquired in Merger/Consolidation/Failure,FDIC BankFind history API (CHANGECODE 713),Branch-level events collapsed to one bank-quarter flag.
208244,2016-05-01,Branch Acquired in Merger/Consolidation/Failure,FDIC BankFind history API (CHANGECODE 713),Branch-level events collapsed to one bank-quarter flag.
208244,2014-08-01,Branch Acquired in Merger/Consolidation/Failure,FDIC BankFind history API (CHANGECODE 713),Branch-level events collapsed to one bank-quarter flag.
208244,2018-11-01,Branch Acquired in Merger/Consolidation/Failure,FDIC BankFind history API (CHANGECODE 713),Branch-level events collapsed to one bank-quarter flag.
208244,2011-07-29,Branch Acquired in Merger/Consolidation/Failure,FDIC BankFind history API (CHANGECODE 713),Branch-level events collapsed to one bank-quarter flag.
208244,2012-09-15,Branch Acquired in Merger/Consolidation/Failure,FDIC BankFind history API (CHANGECODE 713),Branch-level events collapsed to one bank-quarter flag.
208244,2007-02-02,Branch Acquired in Merger/Consolidation/Failure,FDIC BankFind history API (CHANGECODE 713),Branch-level events collapsed to one bank-quarter flag.
208244,2014-04-26,Branch Acquired in Merger/Consolidation/Failure,FDIC BankFind history API (CHANGECODE 713),Branch-level events collapsed to one bank-quarter flag.
208244,2014-11-01,Branch Acquired in Merger/Consolidation/Failure,FDIC BankFind history API (CHANGECODE 713),Branch-level events collapsed to one bank-quarter flag.
208244,2015-01-01,Branch Acquired in Merger/Consolidation/Failure,FDIC BankFind history API (CHANGECODE 713),Branch-level events collapsed to one bank-quarter flag.
229801,2015-12-01,Branch Acquired in Merger/Consolidation/Failure,FDIC BankFind history API (CHANGECODE 713),Branch-level events collapsed to one bank-quarter flag.
229801,2005-03-31,Branch Acquired in Merger/Consolidation/Failure,FDIC BankFind history API (CHANGECODE 713),Branch-level events collapsed to one bank-quarter flag.
229801,2005-06-03,Branch Acquired in Merger/Consolidation/Failure,FDIC BankFind history API (CHANGECODE 713),Branch-level events collapsed to one bank-quarter flag.
229801,2022-04-01,Branch Acquired in Merger/Consolidation/Failure,FDIC BankFind history API (CHANGECODE 713),Branch-level events collapsed to one bank-quarter flag.
229801,2019-12-01,Branch Acquired in Merger/Consolidation/Failure,FDIC BankFind history API (CHANGECODE 713),Branch-level events collapsed to one bank-quarter flag.
229801,2008-07-01,Branch Acquired in Merger/Consolidation/Failure,FDIC BankFind history API (CHANGECODE 713),Branch-level events collapsed to one bank-quarter flag.
229801,2012-01-01,Branch Acquired in Merger/Consolidation/Failure,FDIC BankFind history API (CHANGECODE 713),Branch-level events collapsed to one bank-quarter flag.
229801,2018-01-01,Branch Acquired in Merger/Consolidation/Failure,FDIC BankFind history API (CHANGECODE 713),Branch-level events collapsed to one bank-quarter flag.
229801,2014-11-01,Branch Acquired in Merger/Consolidation/Failure,FDIC BankFind history API (CHANGECODE 713),Branch-level events collapsed to one bank-quarter flag.
229801,2021-12-01,Branch Acquired in Merger/Consolidation/Failure,FDIC BankFind history API (CHANGECODE 713),Branch-level events collapsed to one bank-quarter flag.
229801,2010-03-11,Branch Acquired in Merger/Consolidation/Failure,FDIC BankFind history API (CHANGECODE 713),Branch-level events collapsed to one bank-quarter flag.
229801,2014-10-17,Branch Acquired in Merger/Consolidation/Failure,FDIC BankFind history API (CHANGECODE 713),Branch-level events collapsed to one bank-quarter flag.
229801,2010-03-12,Branch Acquired in Merger/Consolidation/Failure,FDIC BankFind history API (CHANGECODE 713),Branch-level events collapsed to one bank-quarter flag.
233031,2006-11-04,Branch Acquired in Merger/Consolidation/Failure,FDIC BankFind history API (CHANGECODE 713),Branch-level events collapsed to one bank-quarter flag.
233031,2005-06-30,Branch Acquired in Merger/Consolidation/Failure,FDIC BankFind history API (CHANGECODE 713),Branch-level events collapsed to one bank-quarter flag.
233031,2009-02-06,Branch Acquired in Merger/Consolidation/Failure,FDIC BankFind history API (CHANGECODE 713),Branch-level events collapsed to one bank-quarter flag.
233031,2005-09-29,Branch Acquired in Merger/Consolidation/Failure,FDIC BankFind history API (CHANGECODE 713),Branch-level events collapsed to one bank-quarter flag.
233031,2008-08-29,Branch Acquired in Merger/Consolidation/Failure,FDIC BankFind history API (CHANGECODE 713),Branch-level events collapsed to one bank-quarter flag.
276579,2015-12-31,Branch Acquired in Merger/Consolidation/Failure,FDIC BankFind history API (CHANGECODE 713),Branch-level events collapsed to one bank-quarter flag.
280110,2016-10-08,Branch Acquired in Merger/Consolidation/Failure,FDIC BankFind history API (CHANGECODE 713),Branch-level events collapsed to one bank-quarter flag.
280110,2005-08-01,Branch Acquired in Merger/Consolidation/Failure,FDIC BankFind history API (CHANGECODE 713),Branch-level events collapsed to one bank-quarter flag.
280110,2008-01-17,Branch Acquired in Merger/Consolidation/Failure,FDIC BankFind history API (CHANGECODE 713),Branch-level events collapsed to one bank-quarter flag.
280110,2014-09-30,Branch Acquired in Merger/Consolidation/Failure,FDIC BankFind history API (CHANGECODE 713),Branch-level events collapsed to one bank-quarter flag.
2925666,2017-06-16,Branch Acquired in Merger/Consolidation/Failure,FDIC BankFind history API (CHANGECODE 713),Branch-level events collapsed to one bank-quarter flag.
2925666,2006-03-27,Branch Acquired in Merger/Consolidation/Failure,FDIC BankFind history API (CHANGECODE 713),Branch-level events collapsed to one bank-quarter flag.
2925666,2016-07-01,Branch Acquired in Merger/Consolidation/Failure,FDIC BankFind history API (CHANGECODE 713),Branch-level events collapsed to one bank-quarter flag.
2925666,2015-09-01,Branch Acquired in Merger/Consolidation/Failure,FDIC BankFind history API (CHANGECODE 713),Branch-level events collapsed to one bank-quarter flag.
2925666,2008-03-01,Branch Acquired in Merger/Consolidation/Failure,FDIC BankFind history API (CHANGECODE 713),Branch-level events collapsed to one bank-quarter flag.
2925666,2015-08-03,Branch Acquired in Merger/Consolidation/Failure,FDIC BankFind history API (CHANGECODE 713),Branch-level events collapsed to one bank-quarter flag.
3138146,2010-12-31,Branch Acquired in Merger/Consolidation/Failure,FDIC BankFind history API (CHANGECODE 713),Branch-level events collapsed to one bank-quarter flag.
3138146,2013-12-31,Branch Acquired in Merger/Consolidation/Failure,FDIC BankFind history API (CHANGECODE 713),Branch-level events collapsed to one bank-quarter flag.
3138146,2013-05-01,Branch Acquired in Merger/Consolidation/Failure,FDIC BankFind history API (CHANGECODE 713),Branch-level events collapsed to one bank-quarter flag.
3138146,2015-06-30,Branch Acquired in Merger/Consolidation/Failure,FDIC BankFind history API (CHANGECODE 713),Branch-level events collapsed to one bank-quarter flag.
3303298,2007-09-01,Branch Acquired in Merger/Consolidation/Failure,FDIC BankFind history API (CHANGECODE 713),Branch-level events collapsed to one bank-quarter flag.
3303298,2022-04-07,Branch Acquired in Merger/Consolidation/Failure,FDIC BankFind history API (CHANGECODE 713),Branch-level events collapsed to one bank-quarter flag.
3303298,2019-01-02,Branch Acquired in Merger/Consolidation/Failure,FDIC BankFind history API (CHANGECODE 713),Branch-level events collapsed to one bank-quarter flag.
339858,2011-01-01,Branch Acquired in Merger/Consolidation/Failure,FDIC BankFind history API (CHANGECODE 713),Branch-level events collapsed to one bank-quarter flag.
339858,2012-01-01,Branch Acquired in Merger/Consolidation/Failure,FDIC BankFind history API (CHANGECODE 713),Branch-level events collapsed to one bank-quarter flag.
339858,2019-03-25,Branch Acquired in Merger/Consolidation/Failure,FDIC BankFind history API (CHANGECODE 713),Branch-level events collapsed to one bank-quarter flag.
339858,2017-02-17,Branch Acquired in Merger/Consolidation/Failure,FDIC BankFind history API (CHANGECODE 713),Branch-level events collapsed to one bank-quarter flag.
339858,2014-03-01,Branch Acquired in Merger/Consolidation/Failure,FDIC BankFind history API (CHANGECODE 713),Branch-level events collapsed to one bank-quarter flag.
379920,2013-04-06,Branch Acquired in Merger/Consolidation/Failure,FDIC BankFind history API (CHANGECODE 713),Branch-level events collapsed to one bank-quarter flag.
379920,2013-10-12,Branch Acquired in Merger/Consolidation/Failure,FDIC BankFind history API (CHANGECODE 713),Branch-level events collapsed to one bank-quarter flag.
379920,2012-01-01,Branch Acquired in Merger/Consolidation/Failure,FDIC BankFind history API (CHANGECODE 713),Branch-level events collapsed to one bank-quarter flag.
379920,2017-03-11,Branch Acquired in Merger/Consolidation/Failure,FDIC BankFind history API (CHANGECODE 713),Branch-level events collapsed to one bank-quarter flag.
379920,2016-02-13,Branch Acquired in Merger/Consolidation/Failure,FDIC BankFind history API (CHANGECODE 713),Branch-level events collapsed to one bank-quarter flag.
379920,2022-02-05,Branch Acquired in Merger/Consolidation/Failure,FDIC BankFind history API (CHANGECODE 713),Branch-level events collapsed to one bank-quarter flag.
379920,2006-05-26,Branch Acquired in Merger/Consolidation/Failure,FDIC BankFind history API (CHANGECODE 713),Branch-level events collapsed to one bank-quarter flag.
379920,2008-04-01,Branch Acquired in Merger/Consolidation/Failure,FDIC BankFind history API (CHANGECODE 713),Branch-level events collapsed to one bank-quarter flag.
379920,2008-08-15,Branch Acquired in Merger/Consolidation/Failure,FDIC BankFind history API (CHANGECODE 713),Branch-level events collapsed to one bank-quarter flag.
379920,2022-12-12,Branch Acquired in Merger/Consolidation/Failure,FDIC BankFind history API (CHANGECODE 713),Branch-level events collapsed to one bank-quarter flag.
379920,2014-02-15,Branch Acquired in Merger/Consolidation/Failure,FDIC BankFind history API (CHANGECODE 713),Branch-level events collapsed to one bank-quarter flag.
379920,2005-02-18,Branch Acquired in Merger/Consolidation/Failure,FDIC BankFind history API (CHANGECODE 713),Branch-level events collapsed to one bank-quarter flag.
379920,2011-01-01,Branch Acquired in Merger/Consolidation/Failure,FDIC BankFind history API (CHANGECODE 713),Branch-level events collapsed to one bank-quarter flag.
379920,2014-09-19,Branch Acquired in Merger/Consolidation/Failure,FDIC BankFind history API (CHANGECODE 713),Branch-level events collapsed to one bank-quarter flag.
379920,2014-09-18,Branch Acquired in Merger/Consolidation/Failure,FDIC BankFind history API (CHANGECODE 713),Branch-level events collapsed to one bank-quarter flag.
379920,2005-10-07,Branch Acquired in Merger/Consolidation/Failure,FDIC BankFind history API (CHANGECODE 713),Branch-level events collapsed to one bank-quarter flag.
395238,2010-06-01,Branch Acquired in Merger/Consolidation/Failure,FDIC BankFind history API (CHANGECODE 713),Branch-level events collapsed to one bank-quarter flag.
395238,2019-01-01,Branch Acquired in Merger/Consolidation/Failure,FDIC BankFind history API (CHANGECODE 713),Branch-level events collapsed to one bank-quarter flag.
395238,2010-06-30,Branch Acquired in Merger/Consolidation/Failure,FDIC BankFind history API (CHANGECODE 713),Branch-level events collapsed to one bank-quarter flag.
395238,2013-05-10,Branch Acquired in Merger/Consolidation/Failure,FDIC BankFind history API (CHANGECODE 713),Branch-level events collapsed to one bank-quarter flag.
395238,2017-09-26,Branch Acquired in Merger/Consolidation/Failure,FDIC BankFind history API (CHANGECODE 713),Branch-level events collapsed to one bank-quarter flag.
413208,2005-03-01,Branch Acquired in Merger/Consolidation/Failure,FDIC BankFind history API (CHANGECODE 713),Branch-level events collapsed to one bank-quarter flag.
413208,2008-12-20,Branch Acquired in Merger/Consolidation/Failure,FDIC BankFind history API (CHANGECODE 713),Branch-level events collapsed to one bank-quarter flag.
485559,2017-11-30,Branch Acquired in Merger/Consolidation/Failure,FDIC BankFind history API (CHANGECODE 713),Branch-level events collapsed to one bank-quarter flag.
485559,2020-07-02,Branch Acquired in Merger/Consolidation/Failure,FDIC BankFind history API (CHANGECODE 713),Branch-level events collapsed to one bank-quarter flag.
485559,2013-06-07,Branch Acquired in Merger/Consolidation/Failure,FDIC BankFind history API (CHANGECODE 713),Branch-level events collapsed to one bank-quarter flag.
485559,2015-10-17,Branch Acquired in Merger/Consolidation/Failure,FDIC BankFind history API (CHANGECODE 713),Branch-level events collapsed to one bank-quarter flag.
485559,2007-08-31,Branch Acquired in Merger/Consolidation/Failure,FDIC BankFind history API (CHANGECODE 713),Branch-level events collapsed to one bank-quarter flag.
485559,2005-08-26,Branch Acquired in Merger/Consolidation/Failure,FDIC BankFind history API (CHANGECODE 713),Branch-level events collapsed to one bank-quarter flag.
485559,2005-12-15,Branch Acquired in Merger/Consolidation/Failure,FDIC BankFind history API (CHANGECODE 713),Branch-level events collapsed to one bank-quarter flag.
485559,2005-07-22,Branch Acquired in Merger/Consolidation/Failure,FDIC BankFind history API (CHANGECODE 713),Branch-level events collapsed to one bank-quarter flag.
485559,2006-07-01,Branch Acquired in Merger/Consolidation/Failure,FDIC BankFind history API (CHANGECODE 713),Branch-level events collapsed to one bank-quarter flag.
491224,2017-05-05,Branch Acquired in Merger/Consolidation/Failure,FDIC BankFind history API (CHANGECODE 713),Branch-level events collapsed to one bank-quarter flag.
491224,2011-01-07,Branch Acquired in Merger/Consolidation/Failure,FDIC BankFind history API (CHANGECODE 713),Branch-level events collapsed to one bank-quarter flag.
491224,2015-01-01,Branch Acquired in Merger/Consolidation/Failure,FDIC BankFind history API (CHANGECODE 713),Branch-level events collapsed to one bank-quarter flag.
491224,2009-07-17,Branch Acquired in Merger/Consolidation/Failure,FDIC BankFind history API (CHANGECODE 713),Branch-level events collapsed to one bank-quarter flag.
491224,2022-01-04,Branch Acquired in Merger/Consolidation/Failure,FDIC BankFind history API (CHANGECODE 713),Branch-level events collapsed to one bank-quarter flag.
491224,2018-11-01,Branch Acquired in Merger/Consolidation/Failure,FDIC BankFind history API (CHANGECODE 713),Branch-level events collapsed to one bank-quarter flag.
491224,2006-06-15,Branch Acquired in Merger/Consolidation/Failure,FDIC BankFind history API (CHANGECODE 713),Branch-level events collapsed to one bank-quarter flag.
491224,2018-04-30,Branch Acquired in Merger/Consolidation/Failure,FDIC BankFind history API (CHANGECODE 713),Branch-level events collapsed to one bank-quarter flag.
491224,2019-12-31,Branch Acquired in Merger/Consolidation/Failure,FDIC BankFind history API (CHANGECODE 713),Branch-level events collapsed to one bank-quarter flag.
491224,2015-02-13,Branch Acquired in Merger/Consolidation/Failure,FDIC BankFind history API (CHANGECODE 713),Branch-level events collapsed to one bank-quarter flag.
491224,2023-03-26,Branch Acquired in Merger/Consolidation/Failure,FDIC BankFind history API (CHANGECODE 713),Branch-level events collapsed to one bank-quarter flag.
491224,2010-03-05,Branch Acquired in Merger/Consolidation/Failure,FDIC BankFind history API (CHANGECODE 713),Branch-level events collapsed to one bank-quarter flag.
491224,2009-09-11,Branch Acquired in Merger/Consolidation/Failure,FDIC BankFind history API (CHANGECODE 713),Branch-level events collapsed to one bank-quarter flag.
491224,2019-05-01,Branch Acquired in Merger/Consolidation/Failure,FDIC BankFind history API (CHANGECODE 713),Branch-level events collapsed to one bank-quarter flag.
491224,2011-07-08,Branch Acquired in Merger/Consolidation/Failure,FDIC BankFind history API (CHANGECODE 713),Branch-level events collapsed to one bank-quarter flag.
491224,2011-01-21,Branch Acquired in Merger/Consolidation/Failure,FDIC BankFind history API (CHANGECODE 713),Branch-level events collapsed to one bank-quarter flag.
491224,2020-02-01,Branch Acquired in Merger/Consolidation/Failure,FDIC BankFind history API (CHANGECODE 713),Branch-level events collapsed to one bank-quarter flag.
491224,2010-01-29,Branch Acquired in Merger/Consolidation/Failure,FDIC BankFind history API (CHANGECODE 713),Branch-level events collapsed to one bank-quarter flag.
491224,2019-04-01,Branch Acquired in Merger/Consolidation/Failure,FDIC BankFind history API (CHANGECODE 713),Branch-level events collapsed to one bank-quarter flag.
491224,2016-09-01,Branch Acquired in Merger/Consolidation/Failure,FDIC BankFind history API (CHANGECODE 713),Branch-level events collapsed to one bank-quarter flag.
491224,2014-01-01,Branch Acquired in Merger/Consolidation/Failure,FDIC BankFind history API (CHANGECODE 713),Branch-level events collapsed to one bank-quarter flag.
491224,2017-01-13,Branch Acquired in Merger/Consolidation/Failure,FDIC BankFind history API (CHANGECODE 713),Branch-level events collapsed to one bank-quarter flag.
491224,2018-10-02,Branch Acquired in Merger/Consolidation/Failure,FDIC BankFind history API (CHANGECODE 713),Branch-level events collapsed to one bank-quarter flag.
491224,2016-05-06,Branch Acquired in Merger/Consolidation/Failure,FDIC BankFind history API (CHANGECODE 713),Branch-level events collapsed to one bank-quarter flag.
491224,2016-03-11,Branch Acquired in Merger/Consolidation/Failure,FDIC BankFind history API (CHANGECODE 713),Branch-level events collapsed to one bank-quarter flag.
501105,2022-04-02,Branch Acquired in Merger/Consolidation/Failure,FDIC BankFind history API (CHANGECODE 713),Branch-level events collapsed to one bank-quarter flag.
501105,2015-11-01,Branch Acquired in Merger/Consolidation/Failure,FDIC BankFind history API (CHANGECODE 713),Branch-level events collapsed to one bank-quarter flag.
501105,2009-05-23,Branch Acquired in Merger/Consolidation/Failure,FDIC BankFind history API (CHANGECODE 713),Branch-level events collapsed to one bank-quarter flag.
501105,2007-11-30,Branch Acquired in Merger/Consolidation/Failure,FDIC BankFind history API (CHANGECODE 713),Branch-level events collapsed to one bank-quarter flag.
501105,2009-08-28,Branch Acquired in Merger/Consolidation/Failure,FDIC BankFind history API (CHANGECODE 713),Branch-level events collapsed to one bank-quarter flag.
501105,2010-11-05,Branch Acquired in Merger/Consolidation/Failure,FDIC BankFind history API (CHANGECODE 713),Branch-level events collapsed to one bank-quarter flag.
60143,2011-07-28,Branch Acquired in Merger/Consolidation/Failure,FDIC BankFind history API (CHANGECODE 713),Branch-level events collapsed to one bank-quarter flag.
606046,2025-07-01,Branch Acquired in Merger/Consolidation/Failure,FDIC BankFind history API (CHANGECODE 713),Branch-level events collapsed to one bank-quarter flag.
606046,2005-12-01,Branch Acquired in Merger/Consolidation/Failure,FDIC BankFind history API (CHANGECODE 713),Branch-level events collapsed to one bank-quarter flag.
606046,2021-10-29,Branch Acquired in Merger/Consolidation/Failure,FDIC BankFind history API (CHANGECODE 713),Branch-level events collapsed to one bank-quarter flag.
606046,2021-05-01,Branch Acquired in Merger/Consolidation/Failure,FDIC BankFind history API (CHANGECODE 713),Branch-level events collapsed to one bank-quarter flag.
606046,2019-09-01,Branch Acquired in Merger/Consolidation/Failure,FDIC BankFind history API (CHANGECODE 713),Branch-level events collapsed to one bank-quarter flag.
606046,2025-05-01,Branch Acquired in Merger/Consolidation/Failure,FDIC BankFind history API (CHANGECODE 713),Branch-level events collapsed to one bank-quarter flag.
606046,2018-01-15,Branch Acquired in Merger/Consolidation/Failure,FDIC BankFind history API (CHANGECODE 713),Branch-level events collapsed to one bank-quarter flag.
606046,2020-01-01,Branch Acquired in Merger/Consolidation/Failure,FDIC BankFind history API (CHANGECODE 713),Branch-level events collapsed to one bank-quarter flag.
606046,2018-10-01,Branch Acquired in Merger/Consolidation/Failure,FDIC BankFind history API (CHANGECODE 713),Branch-level events collapsed to one bank-quarter flag.
606046,2006-09-01,Branch Acquired in Merger/Consolidation/Failure,FDIC BankFind history API (CHANGECODE 713),Branch-level events collapsed to one bank-quarter flag.
606046,2007-07-02,Branch Acquired in Merger/Consolidation/Failure,FDIC BankFind history API (CHANGECODE 713),Branch-level events collapsed to one bank-quarter flag.
606046,2019-04-01,Branch Acquired in Merger/Consolidation/Failure,FDIC BankFind history API (CHANGECODE 713),Branch-level events collapsed to one bank-quarter flag.
63069,2010-05-28,Branch Acquired in Merger/Consolidation/Failure,FDIC BankFind history API (CHANGECODE 713),Branch-level events collapsed to one bank-quarter flag.
63069,2009-12-18,Branch Acquired in Merger/Consolidation/Failure,FDIC BankFind history API (CHANGECODE 713),Branch-level events collapsed to one bank-quarter flag.
63069,2007-05-01,Branch Acquired in Merger/Consolidation/Failure,FDIC BankFind history API (CHANGECODE 713),Branch-level events collapsed to one bank-quarter flag.
63069,2010-05-07,Branch Acquired in Merger/Consolidation/Failure,FDIC BankFind history API (CHANGECODE 713),Branch-level events collapsed to one bank-quarter flag.
63069,2011-04-08,Branch Acquired in Merger/Consolidation/Failure,FDIC BankFind history API (CHANGECODE 713),Branch-level events collapsed to one bank-quarter flag.
682563,2006-12-08,Branch Acquired in Merger/Consolidation/Failure,FDIC BankFind history API (CHANGECODE 713),Branch-level events collapsed to one bank-quarter flag.
682563,2006-06-23,Branch Acquired in Merger/Consolidation/Failure,FDIC BankFind history API (CHANGECODE 713),Branch-level events collapsed to one bank-quarter flag.
682563,2005-10-07,Branch Acquired in Merger/Consolidation/Failure,FDIC BankFind history API (CHANGECODE 713),Branch-level events collapsed to one bank-quarter flag.
682563,2014-06-21,Branch Acquired in Merger/Consolidation/Failure,FDIC BankFind history API (CHANGECODE 713),Branch-level events collapsed to one bank-quarter flag.
682563,2006-02-09,Branch Acquired in Merger/Consolidation/Failure,FDIC BankFind history API (CHANGECODE 713),Branch-level events collapsed to one bank-quarter flag.
694904,2023-03-19,Branch Acquired in Merger/Consolidation/Failure,FDIC BankFind history API (CHANGECODE 713),Branch-level events collapsed to one bank-quarter flag.
694904,2022-12-01,Branch Acquired in Merger/Consolidation/Failure,FDIC BankFind history API (CHANGECODE 713),Branch-level events collapsed to one bank-quarter flag.
722777,2005-02-11,Branch Acquired in Merger/Consolidation/Failure,FDIC BankFind history API (CHANGECODE 713),Branch-level events collapsed to one bank-quarter flag.
722777,2006-09-09,Branch Acquired in Merger/Consolidation/Failure,FDIC BankFind history API (CHANGECODE 713),Branch-level events collapsed to one bank-quarter flag.
723112,2009-09-30,Branch Acquired in Merger/Consolidation/Failure,FDIC BankFind history API (CHANGECODE 713),Branch-level events collapsed to one bank-quarter flag.
723112,2019-05-04,Branch Acquired in Merger/Consolidation/Failure,FDIC BankFind history API (CHANGECODE 713),Branch-level events collapsed to one bank-quarter flag.
761806,2022-02-01,Branch Acquired in Merger/Consolidation/Failure,FDIC BankFind history API (CHANGECODE 713),Branch-level events collapsed to one bank-quarter flag.
761806,2006-10-06,Branch Acquired in Merger/Consolidation/Failure,FDIC BankFind history API (CHANGECODE 713),Branch-level events collapsed to one bank-quarter flag.
761806,2005-02-28,Branch Acquired in Merger/Consolidation/Failure,FDIC BankFind history API (CHANGECODE 713),Branch-level events collapsed to one bank-quarter flag.
936855,2025-02-01,Branch Acquired in Merger/Consolidation/Failure,FDIC BankFind history API (CHANGECODE 713),Branch-level events collapsed to one bank-quarter flag.
936855,2012-12-31,Branch Acquired in Merger/Consolidation/Failure,FDIC BankFind history API (CHANGECODE 713),Branch-level events collapsed to one bank-quarter flag.
936855,2015-05-31,Branch Acquired in Merger/Consolidation/Failure,FDIC BankFind history API (CHANGECODE 713),Branch-level events collapsed to one bank-quarter flag.
936855,2007-12-08,Branch Acquired in Merger/Consolidation/Failure,FDIC BankFind history API (CHANGECODE 713),Branch-level events collapsed to one bank-quarter flag.
940311,2010-04-30,Branch Acquired in Merger/Consolidation/Failure,FDIC BankFind history API (CHANGECODE 713),Branch-level events collapsed to one bank-quarter flag.
940311,2015-02-27,Branch Acquired in Merger/Consolidation/Failure,FDIC BankFind history API (CHANGECODE 713),Branch-level events collapsed to one bank-quarter flag.
