series_id,file_name,source_url,download_timestamp_utc,vintage_date,sha256,source
BAA10YM,BAA10YM_final.csv,https://fred.stlouisfed.org/graph/fredgraph.csv?id=BAA10YM,2026-09-02T13:51:22.561069250+00:00,final,fd226dd4d5d0f27f555f3e54ce1260ba34e1fcbc41c61e2e15f30bfb2ffec73c,FRED
COMREPUSQ159N,COMREPUSQ159N_final.csv,https://fred.stlouisfed.org/graph/fredgraph.csv?id=COMREPUSQ159N,2026-09-02T13:51:21.139815092+00:00,final,d412cb53132a62a4d4326cd1d9029535d43369311a621f4162c525d0210858f9,FRED
GDPC1,GDPC1_20050331.csv,https://alfred.stlouisfed.org/graph/alfredgraph.csv?id=GDPC1&vintage_date=2005-03-31,2026-09-02T13:49:19.538690329+00:00,2005-03-31,785126d1b5409886839390940306dbcd66bc2434659f0513e4e053bf24307561,ALFRED
GDPC1,GDPC1_20050630.csv,https://alfred.stlouisfed.org/graph/alfredgraph.csv?id=GDPC1&vintage_date=2005-06-30,2026-09-02T13:49:20.228430748+00:00,2005-06-30,c5cf4151767d05b5b87725c9ae4157967084ba954ee977a422b9ad002136be95,ALFRED
GDPC1,GDPC1_20050930.csv,https://alfred.stlouisfed.org/graph/alfredgraph.csv?id=GDPC1&vintage_date=2005-09-30,2026-09-02T13:49:20.836610794+00:00,2005-09-30,68f54fab72eee605fcc335cfd0bdff8a9bc39056e33ce4ae161711ff47d0715d,ALFRED
GDPC1,GDPC1_20051231.csv,https://alfred.stlouisfed.org/graph/alfredgraph.csv?id=GDPC1&vintage_date=2005-12-31,2026-09-02T13:49:21.550630569+00:00,2005-12-31,29315e31e860b559c56580d5690eed900326a3fb0deffff8065cc2427e192ab8,ALFRED
GDPC1,GDPC1_20060331.csv,https://alfred.stlouisfed.org/graph/alfredgraph.csv?id=GDPC1&vintage_date=2006-03-31,2026-09-02T13:49:22.138992786+00:00,2006-03-31,f5cb060dae3e1216db357efa64cc3eb3fcea7703a7d36a2b79340f6216fb0083,ALFRED
GDPC1,GDPC1_20060630.csv,https://alfred.stlouisfed.org/graph/alfredgraph.csv?id=GDPC1&vintage_date=2006-06-30,2026-09-02T13:49:22.759589195+00:00,2006-06-30,faeb4f9476a2a4593e5de512cb8cd0d371cf8176cb4ff1be09778929f856db58,ALFRED
GDPC1,GDPC1_20060930.csv,https://alfred.stlouisfed.org/graph/alfredgraph.csv?id=GDPC1&vintage_date=2006-09-30,2026-09-02T13:49:23.476410866+00:00,2006-09-30,1d5f91c806b17c4c8d229cc1d50ffecadb293e359526be02cf200bbed998f438,ALFRED
GDPC1,GDPC1_20061231.csv,https://alfred.stlouisfed.org/graph/alfredgraph.csv?id=GDPC1&vintage_date=2006-12-31,2026-09-02T13:49:24.072072744+00:00,2006-12-31,5e66e1b8b0f16afac2ca6563e32993f12c1553bd8f09d2b0736497646fbc84b2,ALFRED
GDPC1,GDPC1_20070331.csv,https://alfred.stlouisfed.org/graph/alfredgraph.csv?id=GDPC1&vintage_date=2007-03-31,2026-09-02T13:49:24.678751945+00:00,2007-03-31,70e1233aa81414d1658ce8b89403ee4657eddd36a19b24b6c231f31ad8e2fcd5,ALFRED
GDPC1,GDPC1_20070630.csv,https://alfred.stlouisfed.org/graph/alfredgraph.csv?id=GDPC1&vintage_date=2007-06-30,2026-09-02T13:49:25.312410831+00:00,2007-06-30,db23629114216c8b504eed1c560b882baaf4bc781af875ea672a065fb97fb7a0,ALFRED
GDPC1,GDPC1_20070930.csv,https://alfred.stlouisfed.org/graph/alfredgraph.csv?id=GDPC1&vintage_date=2007-09-30,2026-09-02T13:49:25.893074512+00:00,2007-09-30,ec882f0ef7ae99f7b969a92022f7008e00ce887beb82ced991f22b6e1c42a672,ALFRED
GDPC1,GDPC1_20071231.csv,https://alfred.stlouisfed.org/graph/alfredgraph.csv?id=GDPC1&vintage_date=2007-12-31,2026-09-02T13:49:26.426580429+00:00,2007-12-31,67f7f2f6fd257b552f977b026cfa28e9e9a3abb2364f867a0f0b45ce04666cbb,ALFRED
GDPC1,GDPC1_20080331.csv,https://alfred.stlouisfed.org/graph/alfredgraph.csv?id=GDPC1&vintage_date=2008-03-31,2026-09-02T13:49:27.075507402+00:00,2008-03-31,82af0698377eca0aa1730d984d30a7e60f21805623ace9c5c5422d765abc48f3,ALFRED
GDPC1,GDPC1_20080630.csv,https://alfred.stlouisfed.org/graph/alfredgraph.csv?id=GDPC1&vintage_date=2008-06-30,2026-09-02T13:49:27.701655388+00:00,2008-06-30,21af8febf9b02aa0f8c7d9470e69fbf18935458397aba55fd6092c858f23c15a,ALFRED
GDPC1,GDPC1_20080930.csv,https://alfred.stlouisfed.org/graph/alfredgraph.csv?id=GDPC1&vintage_date=2008-09-30,2026-09-02T13:49:28.302352667+00:00,2008-09-30,8ec3b9088d04ad8313b3c685ed7d939008dd244599ecffceb1f544f3c40cf0b1,ALFRED
GDPC1,GDPC1_20081231.csv,https://alfred.stlouisfed.org/graph/alfredgraph.csv?id=GDPC1&vintage_date=2008-12-31,2026-09-02T13:49:28.848537207+00:00,2008-12-31,a0b684bebb2cb1babff91f4f0b86ff3624e9fdc4e51fe4ee4607021cd160bef7,ALFRED
GDPC1,GDPC1_20090331.csv,https://alfred.stlouisfed.org/graph/alfredgraph.csv?id=GDPC1&vintage_date=2009-03-31,2026-09-02T13:49:29.474656582+00:00,2009-03-31,d76855e35bd0562497405585c41ca23ffc3fe51d79fbc8535c815da7b91c0714,ALFRED
GDPC1,GDPC1_20090630.csv,https://alfred.stlouisfed.org/graph/alfredgraph.csv?id=GDPC1&vintage_date=2009-06-30,2026-09-02T13:49:30.009032011+00:00,2009-06-30,15466c32ae03676efdbf3426dc9939eaa5ecc05b46c10ad85ff9aeb3acb299ad,ALFRED
GDPC1,GDPC1_20090930.csv,https://alfred.stlouisfed.org/graph/alfredgraph.csv?id=GDPC1&vintage_date=2009-09-30,2026-09-02T13:49:30.970160961+00:00,2009-09-30,fb05f650b30bd8677786e87562b523563a29c534e3c5abf69d8712accafa28fb,ALFRED
GDPC1,GDPC1_20091231.csv,https://alfred.stlouisfed.org/graph/alfredgraph.csv?id=GDPC1&vintage_date=2009-12-31,2026-09-02T13:49:31.638029814+00:00,2009-12-31,2965cf98755e7b88c02ac64235c49cbb8b1884da602bb5d0737a8b5a1a8448ac,ALFRED
GDPC1,GDPC1_20100331.csv,https://alfred.stlouisfed.org/graph/alfredgraph.csv?id=GDPC1&vintage_date=2010-03-31,2026-09-02T13:49:32.192298412+00:00,2010-03-31,5bd3fa56d8035f24dd5d80f031bb3ebf2167f197b856f11ad56498c27e077ac4,ALFRED
GDPC1,GDPC1_20100630.csv,https://alfred.stlouisfed.org/graph/alfredgraph.csv?id=GDPC1&vintage_date=2010-06-30,2026-09-02T13:49:33.045379162+00:00,2010-06-30,222fca03e0aed1c32db6cfd67e28541f93cd686eef0535267ca4469fbfd118b1,ALFRED
GDPC1,GDPC1_20100930.csv,https://alfred.stlouisfed.org/graph/alfredgraph.csv?id=GDPC1&vintage_date=2010-09-30,2026-09-02T13:49:33.609106779+00:00,2010-09-30,936472da9411ec8db58c973228093026a3fa4d271cd29e05ddcd79f046d99341,ALFRED
GDPC1,GDPC1_20101231.csv,https://alfred.stlouisfed.org/graph/alfredgraph.csv?id=GDPC1&vintage_date=2010-12-31,2026-09-02T13:49:34.259192705+00:00,2010-12-31,48e4382bcd1462e29ac688ddf1df9457f36c14a1d7ec86ec895898f24a498049,ALFRED
GDPC1,GDPC1_20110331.csv,https://alfred.stlouisfed.org/graph/alfredgraph.csv?id=GDPC1&vintage_date=2011-03-31,2026-09-02T13:49:34.924181223+00:00,2011-03-31,0d53d62c8ab7ec08913f68fd46ef30657cb4ba61a16ef24cad49f6e690c1341b,ALFRED
GDPC1,GDPC1_20110630.csv,https://alfred.stlouisfed.org/graph/alfredgraph.csv?id=GDPC1&vintage_date=2011-06-30,2026-09-02T13:49:35.849089861+00:00,2011-06-30,2aab3d24b6e6202dacd0e55db410dfaac019a1bf5107185d3c32071875628d30,ALFRED
GDPC1,GDPC1_20110930.csv,https://alfred.stlouisfed.org/graph/alfredgraph.csv?id=GDPC1&vintage_date=2011-09-30,2026-09-02T13:49:36.538586855+00:00,2011-09-30,40c81adb9ecdbb1a1b7e06415dba0bd4f4063edb9514a4a0a482441e9fd3220e,ALFRED
GDPC1,GDPC1_20111231.csv,https://alfred.stlouisfed.org/graph/alfredgraph.csv?id=GDPC1&vintage_date=2011-12-31,2026-09-02T13:49:37.214882135+00:00,2011-12-31,5f0908ac80f365a521c003899f20a04587fd976b947b0db2ec90b59c10fc0198,ALFRED
GDPC1,GDPC1_20120331.csv,https://alfred.stlouisfed.org/graph/alfredgraph.csv?id=GDPC1&vintage_date=2012-03-31,2026-09-02T13:49:37.791536093+00:00,2012-03-31,1a35c1cf7373903df524437a6fc433b7ae98933f26d102718e5ddd436f07c27a,ALFRED
GDPC1,GDPC1_20120630.csv,https://alfred.stlouisfed.org/graph/alfredgraph.csv?id=GDPC1&vintage_date=2012-06-30,2026-09-02T13:49:38.736481667+00:00,2012-06-30,f4d3e727c567062feedce32d05dd3d3b4c1cc5178c228d279c8baf3f71ff7200,ALFRED
GDPC1,GDPC1_20120930.csv,https://alfred.stlouisfed.org/graph/alfredgraph.csv?id=GDPC1&vintage_date=2012-09-30,2026-09-02T13:49:39.275242090+00:00,2012-09-30,29e2e9a253de4dca5b76b1a12c2692f51074a77016b324e7f638d6a516a3bb20,ALFRED
GDPC1,GDPC1_20121231.csv,https://alfred.stlouisfed.org/graph/alfredgraph.csv?id=GDPC1&vintage_date=2012-12-31,2026-09-02T13:49:39.838702679+00:00,2012-12-31,18f3a718ac386b7122eaf16b7b0e09ea2b802acb34a47c99ca54434336ea7677,ALFRED
GDPC1,GDPC1_20130331.csv,https://alfred.stlouisfed.org/graph/alfredgraph.csv?id=GDPC1&vintage_date=2013-03-31,2026-09-02T13:49:40.437154293+00:00,2013-03-31,1c0ce44f21c531ae4c459b64b47c1e297ec2b3bd27d9ccaad8bda0d3b9e66357,ALFRED
GDPC1,GDPC1_20130630.csv,https://alfred.stlouisfed.org/graph/alfredgraph.csv?id=GDPC1&vintage_date=2013-06-30,2026-09-02T13:49:41.081540108+00:00,2013-06-30,7cdb81dafda8ab839c0dbed52509c804a2e23e6791329bd9c492c3d1bcfd6d62,ALFRED
GDPC1,GDPC1_20130930.csv,https://alfred.stlouisfed.org/graph/alfredgraph.csv?id=GDPC1&vintage_date=2013-09-30,2026-09-02T13:49:41.608720541+00:00,2013-09-30,687b0085336bb45bfa92e3eccb73c6cd3bd204dbbe8d027652bc5b72a1f68108,ALFRED
GDPC1,GDPC1_20131231.csv,https://alfred.stlouisfed.org/graph/alfredgraph.csv?id=GDPC1&vintage_date=2013-12-31,2026-09-02T13:49:42.134054899+00:00,2013-12-31,57436aae65ac42927f1be75ac16fd6e93ac4ed36bc12e9fcac05489650b984c3,ALFRED
GDPC1,GDPC1_20140331.csv,https://alfred.stlouisfed.org/graph/alfredgraph.csv?id=GDPC1&vintage_date=2014-03-31,2026-09-02T13:49:42.775998354+00:00,2014-03-31,3819cfdc0ea701b6dda6936e138ad7f552a64ef22a14a01b22dc5721970ff21a,ALFRED
GDPC1,GDPC1_20140630.csv,https://alfred.stlouisfed.org/graph/alfredgraph.csv?id=GDPC1&vintage_date=2014-06-30,2026-09-02T13:49:43.442130089+00:00,2014-06-30,f899fb5031745bbc77995b4667ee0eabefde993a3379cef7b76a64ffbb04c829,ALFRED
GDPC1,GDPC1_20140930.csv,https://alfred.stlouisfed.org/graph/alfredgraph.csv?id=GDPC1&vintage_date=2014-09-30,2026-09-02T13:49:44.041906357+00:00,2014-09-30,4caa412a0733be8f30dfd4818f5e994bb4277a159b7b6eb815f38c4a55618d10,ALFRED
GDPC1,GDPC1_20141231.csv,https://alfred.stlouisfed.org/graph/alfredgraph.csv?id=GDPC1&vintage_date=2014-12-31,2026-09-02T13:49:44.693998814+00:00,2014-12-31,0a4dbfff41b2ef3ce69fb8bc0985f30b6a3f607ae69f512fcb0755e44712b65e,ALFRED
GDPC1,GDPC1_20150331.csv,https://alfred.stlouisfed.org/graph/alfredgraph.csv?id=GDPC1&vintage_date=2015-03-31,2026-09-02T13:49:45.273743629+00:00,2015-03-31,d2960fb194b2140b2c0ba94e07987aebc1849ab098a993bb284068cff97668db,ALFRED
GDPC1,GDPC1_20150630.csv,https://alfred.stlouisfed.org/graph/alfredgraph.csv?id=GDPC1&vintage_date=2015-06-30,2026-09-02T13:49:45.962882996+00:00,2015-06-30,4f6c1cb1814624dec17a33cb109cc90415008fa01b672956b352c9f2e8e8ae42,ALFRED
GDPC1,GDPC1_20150930.csv,https://alfred.stlouisfed.org/graph/alfredgraph.csv?id=GDPC1&vintage_date=2015-09-30,2026-09-02T13:49:46.666553020+00:00,2015-09-30,8d94f9b48ea8c7949d28a804021d6648152f3ad56ed5276378fe8e5706ee152e,ALFRED
GDPC1,GDPC1_20151231.csv,https://alfred.stlouisfed.org/graph/alfredgraph.csv?id=GDPC1&vintage_date=2015-12-31,2026-09-02T13:49:47.303112984+00:00,2015-12-31,2d657989be992b2e4757647ec249ff86763c14d0fb8db76f640a7493bc9c53a4,ALFRED
GDPC1,GDPC1_20160331.csv,https://alfred.stlouisfed.org/graph/alfredgraph.csv?id=GDPC1&vintage_date=2016-03-31,2026-09-02T13:49:47.865954399+00:00,2016-03-31,03d34fb563a799b765dafb1c048d74e26a8c44758e83807095b069ff166d0202,ALFRED
GDPC1,GDPC1_20160630.csv,https://alfred.stlouisfed.org/graph/alfredgraph.csv?id=GDPC1&vintage_date=2016-06-30,2026-09-02T13:49:48.493094683+00:00,2016-06-30,1c84c62c2ed1f1b8162db28ec9dab86eff3aabdae915134a8738d5321442dc6f,ALFRED
GDPC1,GDPC1_20160930.csv,https://alfred.stlouisfed.org/graph/alfredgraph.csv?id=GDPC1&vintage_date=2016-09-30,2026-09-02T13:49:49.223455191+00:00,2016-09-30,09c5058a6d8e0638640ad5c49841a282d94105e292fa678340f69dfac357b515,ALFRED
GDPC1,GDPC1_20161231.csv,https://alfred.stlouisfed.org/graph/alfredgraph.csv?id=GDPC1&vintage_date=2016-12-31,2026-09-02T13:49:49.897966385+00:00,2016-12-31,2854e1f25fa6551d8facc42339b65eb21c64cc1487ae010ad64a7ec0ba2d6b66,ALFRED
GDPC1,GDPC1_20170331.csv,https://alfred.stlouisfed.org/graph/alfredgraph.csv?id=GDPC1&vintage_date=2017-03-31,2026-09-02T13:49:50.729547739+00:00,2017-03-31,90d313352305a2b269e2bbfbfc5b3b456b94aca3c28be318c9227d656ff1d9b6,ALFRED
GDPC1,GDPC1_20170630.csv,https://alfred.stlouisfed.org/graph/alfredgraph.csv?id=GDPC1&vintage_date=2017-06-30,2026-09-02T13:49:51.329254627+00:00,2017-06-30,a32b15c2e0ff41dc096c8c09530ab932a306ca5fcf00369c11f1ff5588c2a4e3,ALFRED
GDPC1,GDPC1_20170930.csv,https://alfred.stlouisfed.org/graph/alfredgraph.csv?id=GDPC1&vintage_date=2017-09-30,2026-09-02T13:49:51.863664865+00:00,2017-09-30,7ad1f3c685e2b5ce937fd621e51a47036d7275455b4456e82d221e3de9c2329f,ALFRED
GDPC1,GDPC1_20171231.csv,https://alfred.stlouisfed.org/graph/alfredgraph.csv?id=GDPC1&vintage_date=2017-12-31,2026-09-02T13:49:52.547496796+00:00,2017-12-31,97a647f48a467fd4ac3cc785c0796edbd142c7d0ed0209e719765d89a33016de,ALFRED
GDPC1,GDPC1_20180331.csv,https://alfred.stlouisfed.org/graph/alfredgraph.csv?id=GDPC1&vintage_date=2018-03-31,2026-09-02T13:49:53.123779058+00:00,2018-03-31,c28bb5f37640d1d0bad67d1058988d478f69d81422e4c305c425e77d772829a1,ALFRED
GDPC1,GDPC1_20180630.csv,https://alfred.stlouisfed.org/graph/alfredgraph.csv?id=GDPC1&vintage_date=2018-06-30,2026-09-02T13:49:53.755448580+00:00,2018-06-30,ff468d2ec9b006290a84ba39f3e87d4a5c68cd1e468824ae88280ee53ca22ce3,ALFRED
GDPC1,GDPC1_20180930.csv,https://alfred.stlouisfed.org/graph/alfredgraph.csv?id=GDPC1&vintage_date=2018-09-30,2026-09-02T13:49:54.319866180+00:00,2018-09-30,d75ea274dbfc0d1e9b6684e433d24e0ed6712319a5e4a2b59c965d4150d857db,ALFRED
GDPC1,GDPC1_20181231.csv,https://alfred.stlouisfed.org/graph/alfredgraph.csv?id=GDPC1&vintage_date=2018-12-31,2026-09-02T13:49:55.068263292+00:00,2018-12-31,347065ebdafa7d006ac02dbc4464cf6a34b2f871a5f17cb87803e7fc73a33e58,ALFRED
GDPC1,GDPC1_20190331.csv,https://alfred.stlouisfed.org/graph/alfredgraph.csv?id=GDPC1&vintage_date=2019-03-31,2026-09-02T13:49:55.711383581+00:00,2019-03-31,f653d62a893a6a740077530cfc92e6f53de2e18d9978c345d4e431a8af77d01e,ALFRED
GDPC1,GDPC1_20190630.csv,https://alfred.stlouisfed.org/graph/alfredgraph.csv?id=GDPC1&vintage_date=2019-06-30,2026-09-02T13:49:56.324859858+00:00,2019-06-30,4b0df239e3619013a97c8e31cadbb10b8ce98ad20cc8f394e50ca4a232b99fbb,ALFRED
GDPC1,GDPC1_20190930.csv,https://alfred.stlouisfed.org/graph/alfredgraph.csv?id=GDPC1&vintage_date=2019-09-30,2026-09-02T13:49:57.016870499+00:00,2019-09-30,f3a1e92aa0c190f35a1ab5614748bfcfe869360826b128ff4ba2ac39a10084da,ALFRED
GDPC1,GDPC1_20191231.csv,https://alfred.stlouisfed.org/graph/alfredgraph.csv?id=GDPC1&vintage_date=2019-12-31,2026-09-02T13:49:57.710060596+00:00,2019-12-31,fdb529db033fd1b66ed56d00886fc2dc4939d4d82858674933ac6c5afe432a0e,ALFRED
GDPC1,GDPC1_20200331.csv,https://alfred.stlouisfed.org/graph/alfredgraph.csv?id=GDPC1&vintage_date=2020-03-31,2026-09-02T13:49:58.278753996+00:00,2020-03-31,ef1e53e2a3600bbddcf0171345eea3d2460dad29b4663d6b6b028333f34a71e6,ALFRED
GDPC1,GDPC1_20200630.csv,https://alfred.stlouisfed.org/graph/alfredgraph.csv?id=GDPC1&vintage_date=2020-06-30,2026-09-02T13:49:58.978486300+00:00,2020-06-30,6544a9b12b507da0d3e2a3e06075b34eccf7d191cf3ddff310647fdf246701b0,ALFRED
GDPC1,GDPC1_20200930.csv,https://alfred.stlouisfed.org/graph/alfredgraph.csv?id=GDPC1&vintage_date=2020-09-30,2026-09-02T13:49:59.550777674+00:00,2020-09-30,e3f9566f39969b47c9a2de8ca2b5125d24ffa9a4f12207c14023e2c5de42363b,ALFRED
GDPC1,GDPC1_20201231.csv,https://alfred.stlouisfed.org/graph/alfredgraph.csv?id=GDPC1&vintage_date=2020-12-31,2026-09-02T13:50:00.239165783+00:00,2020-12-31,954f1c548f3cec759203c2e32cce5468cdce87f197165a31165911a4c786c497,ALFRED
GDPC1,GDPC1_20210331.csv,https://alfred.stlouisfed.org/graph/alfredgraph.csv?id=GDPC1&vintage_date=2021-03-31,2026-09-02T13:50:01.854955912+00:00,2021-03-31,30aa6da0324d0b43e39ee5510ee0899e51803578d1c29b67b18768d35a34dc2e,ALFRED
GDPC1,GDPC1_20210630.csv,https://alfred.stlouisfed.org/graph/alfredgraph.csv?id=GDPC1&vintage_date=2021-06-30,2026-09-02T13:50:02.502753973+00:00,2021-06-30,b9b30bd4f3ee04679c3a3ea1ca203fa45595c40e9435ce68560e6835c84845c0,ALFRED
GDPC1,GDPC1_20210930.csv,https://alfred.stlouisfed.org/graph/alfredgraph.csv?id=GDPC1&vintage_date=2021-09-30,2026-09-02T13:50:03.198674917+00:00,2021-09-30,fa30763816b0828040fe07bc0ed6e9e712f56339e76066e90802dd116c331a37,ALFRED
GDPC1,GDPC1_20211231.csv,https://alfred.stlouisfed.org/graph/alfredgraph.csv?id=GDPC1&vintage_date=2021-12-31,2026-09-02T13:50:03.796344042+00:00,2021-12-31,3ef8f833b4d6041fa22e84e5530f1438fc93517981fbc66e81318c5f49f05499,ALFRED
GDPC1,GDPC1_20220331.csv,https://alfred.stlouisfed.org/graph/alfredgraph.csv?id=GDPC1&vintage_date=2022-03-31,2026-09-02T13:50:04.451255798+00:00,2022-03-31,c350916b5557719f09f8e8316aaea9d86bc42cec928b260543d716982bbc08c1,ALFRED
GDPC1,GDPC1_20220630.csv,https://alfred.stlouisfed.org/graph/alfredgraph.csv?id=GDPC1&vintage_date=2022-06-30,2026-09-02T13:50:05.153995991+00:00,2022-06-30,4616596edbebb7e5f9cb645d6c223b5eb52afb833930d6a565d809de9e13b049,ALFRED
GDPC1,GDPC1_20220930.csv,https://alfred.stlouisfed.org/graph/alfredgraph.csv?id=GDPC1&vintage_date=2022-09-30,2026-09-02T13:50:05.809665203+00:00,2022-09-30,4f1d9229c07561c0c5d75509099df6a1e463b6cfff38e206d532b584d5b7c049,ALFRED
GDPC1,GDPC1_20221231.csv,https://alfred.stlouisfed.org/graph/alfredgraph.csv?id=GDPC1&vintage_date=2022-12-31,2026-09-02T13:50:06.365188599+00:00,2022-12-31,8b381fa79a5df9d249b7158d4779de933301b59a1aff6df4e5432403572773d1,ALFRED
GDPC1,GDPC1_20230331.csv,https://alfred.stlouisfed.org/graph/alfredgraph.csv?id=GDPC1&vintage_date=2023-03-31,2026-09-02T13:50:06.918825388+00:00,2023-03-31,c8e5179edc965d76d30ef8714d53bc1495a79381baaa6da645059d9062ea75d7,ALFRED
GDPC1,GDPC1_20230630.csv,https://alfred.stlouisfed.org/graph/alfredgraph.csv?id=GDPC1&vintage_date=2023-06-30,2026-09-02T13:50:07.622368813+00:00,2023-06-30,e40b423981579a26e50ef3ab556e2d858c40bd39f9bc12e58a825256edc392a0,ALFRED
GDPC1,GDPC1_20230930.csv,https://alfred.stlouisfed.org/graph/alfredgraph.csv?id=GDPC1&vintage_date=2023-09-30,2026-09-02T13:50:08.259921789+00:00,2023-09-30,d3fc5ff2cd23f160eff743bafb09925f8d31215ac84d2dd1963ebf23504abc7b,ALFRED
GDPC1,GDPC1_20231231.csv,https://alfred.stlouisfed.org/graph/alfredgraph.csv?id=GDPC1&vintage_date=2023-12-31,2026-09-02T13:50:09.025848389+00:00,2023-12-31,155c91b2aa72e8975e23f089f6813ee8825831ed6cbb1b8805f703ee70de3c39,ALFRED
GDPC1,GDPC1_20240331.csv,https://alfred.stlouisfed.org/graph/alfredgraph.csv?id=GDPC1&vintage_date=2024-03-31,2026-09-02T13:50:09.672652721+00:00,2024-03-31,4cc1d0748c1ff884595e7f0de1b67a1305073a4cf3661bfc8e8c11fab5a3d2b2,ALFRED
GDPC1,GDPC1_20240630.csv,https://alfred.stlouisfed.org/graph/alfredgraph.csv?id=GDPC1&vintage_date=2024-06-30,2026-09-02T13:50:10.220556498+00:00,2024-06-30,9347430095cf08319b35782c1d20c834f9ab60fad76846bc30a353d05140547c,ALFRED
GDPC1,GDPC1_20240930.csv,https://alfred.stlouisfed.org/graph/alfredgraph.csv?id=GDPC1&vintage_date=2024-09-30,2026-09-02T13:50:10.760178328+00:00,2024-09-30,99ac59afad4069cba1631141310d8c8896c9d077a50b419e9438affddce7438e,ALFRED
GDPC1,GDPC1_20241231.csv,https://alfred.stlouisfed.org/graph/alfredgraph.csv?id=GDPC1&vintage_date=2024-12-31,2026-09-02T13:50:11.363843918+00:00,2024-12-31,efc906a7cc2fbd184e9065a49848844bfb6042db7149b022a2475b383f5bcda1,ALFRED
GDPC1,GDPC1_20250331.csv,https://alfred.stlouisfed.org/graph/alfredgraph.csv?id=GDPC1&vintage_date=2025-03-31,2026-09-02T13:50:12.188784122+00:00,2025-03-31,76453bfc05c18c705121111b54f2ba246f74560ead624931d1aabde4a692d0f6,ALFRED
GDPC1,GDPC1_20250630.csv,https://alfred.stlouisfed.org/graph/alfredgraph.csv?id=GDPC1&vintage_date=2025-06-30,2026-09-02T13:50:12.818499088+00:00,2025-06-30,abbdb92a1d89daab88198845d395ec263456c4226be2f15dca08d2df5f5603d8,ALFRED
GDPC1,GDPC1_20250930.csv,https://alfred.stlouisfed.org/graph/alfredgraph.csv?id=GDPC1&vintage_date=2025-09-30,2026-09-02T13:50:13.427791357+00:00,2025-09-30,63f70f8c03d099af038b8985ad88b8608650871dd26ffacc3f46b30d5e7222de,ALFRED
GDPC1,GDPC1_20251231.csv,https://alfred.stlouisfed.org/graph/alfredgraph.csv?id=GDPC1&vintage_date=2025-12-31,2026-09-02T13:50:14.000691652+00:00,2025-12-31,10094fdca135284e531e6a678518915112a39b8220302fb465f1a79be5f2aad0,ALFRED
GDPC1,GDPC1_final.csv,https://fred.stlouisfed.org/graph/fredgraph.csv?id=GDPC1,2026-09-02T13:49:18.925160408+00:00,final,ab1a5e22b5082a21a87e31411651f847048342e0f6f29bef98285208df017c59,ALFRED
MORTGAGE30US,MORTGAGE30US_final.csv,https://fred.stlouisfed.org/graph/fredgraph.csv?id=MORTGAGE30US,2026-09-02T13:51:23.609542608+00:00,final,67c021ca8e8ae43301729c3d8572e5f03b53c15bb5da57bee1c2b5e1fd25745f,FRED
TB3MS,TB3MS_final.csv,https://fred.stlouisfed.org/graph/fredgraph.csv?id=TB3MS,2026-09-02T13:51:23.347636461+00:00,final,f33d97985d86c216b5754124ae65232851db02135bf18b57d7dc85d499da42c5,FRED
UNRATE,UNRATE_20050331.csv,https://alfred.stlouisfed.org/graph/alfredgraph.csv?id=UNRATE&vintage_date=2005-03-31,2026-09-02T13:50:14.962987185+00:00,2005-03-31,48039fea6f1c3447ff2dc2280d3b8b303a87964cf277d8dfefcc690e88186985,ALFRED
UNRATE,UNRATE_20050630.csv,https://alfred.stlouisfed.org/graph/alfredgraph.csv?id=UNRATE&vintage_date=2005-06-30,2026-09-02T13:50:15.916314602+00:00,2005-06-30,8106fc5bd6e53247c7f643baabfe8133ec22f9325ca20f23a8f1ef6eea643b15,ALFRED
UNRATE,UNRATE_20050930.csv,https://alfred.stlouisfed.org/graph/alfredgraph.csv?id=UNRATE&vintage_date=2005-09-30,2026-09-02T13:50:16.625029564+00:00,2005-09-30,ec82b149b1c178b64fb7465ea0203b3fc35c8c903afc7e7c95007f50bb691a9c,ALFRED
UNRATE,UNRATE_20051231.csv,https://alfred.stlouisfed.org/graph/alfredgraph.csv?id=UNRATE&vintage_date=2005-12-31,2026-09-02T13:50:17.511977433+00:00,2005-12-31,8ed6a0bdf9a0c300b0852c0d2d363cdc3fee25af907287b735caa8088c1e8efc,ALFRED
UNRATE,UNRATE_20060331.csv,https://alfred.stlouisfed.org/graph/alfredgraph.csv?id=UNRATE&vintage_date=2006-03-31,2026-09-02T13:50:18.167257071+00:00,2006-03-31,ce1f0599299c15fb8152aa502fdcf84d1b4d25c540322e61f9c25698c5daa649,ALFRED
UNRATE,UNRATE_20060630.csv,https://alfred.stlouisfed.org/graph/alfredgraph.csv?id=UNRATE&vintage_date=2006-06-30,2026-09-02T13:50:19.001857519+00:00,2006-06-30,ed539018004998959648936cce98f25aecdc6b51e792378c5dc7c5de79f179fb,ALFRED
UNRATE,UNRATE_20060930.csv,https://alfred.stlouisfed.org/graph/alfredgraph.csv?id=UNRATE&vintage_date=2006-09-30,2026-09-02T13:50:19.686871290+00:00,2006-09-30,27d330310260c812d523ed1b05296a8b136ef812d7066f5dc594757d7a922750,ALFRED
UNRATE,UNRATE_20061231.csv,https://alfred.stlouisfed.org/graph/alfredgraph.csv?id=UNRATE&vintage_date=2006-12-31,2026-09-02T13:50:21.012104034+00:00,2006-12-31,b84b7ad2ea38b5d7f4dac99d61b61dae69a11c7326f73dd9e2bffd25115dbfa0,ALFRED
UNRATE,UNRATE_20070331.csv,https://alfred.stlouisfed.org/graph/alfredgraph.csv?id=UNRATE&vintage_date=2007-03-31,2026-09-02T13:50:21.672994375+00:00,2007-03-31,20e25c15cd5509660b64e3476828f2f555a213bbffcb13b1bcdf7ada5ac199b7,ALFRED
UNRATE,UNRATE_20070630.csv,https://alfred.stlouisfed.org/graph/alfredgraph.csv?id=UNRATE&vintage_date=2007-06-30,2026-09-02T13:50:22.344553232+00:00,2007-06-30,59ef9a0e2101fa49f882f34cafd733e7f37e29b4f39a1c44d284752d2ced9c61,ALFRED
UNRATE,UNRATE_20070930.csv,https://alfred.stlouisfed.org/graph/alfredgraph.csv?id=UNRATE&vintage_date=2007-09-30,2026-09-02T13:50:23.185355186+00:00,2007-09-30,62868b6a1c8f4b3647a4705bb17081cc952ed69882c99f409b3fb846d8ae3ef4,ALFRED
UNRATE,UNRATE_20071231.csv,https://alfred.stlouisfed.org/graph/alfredgraph.csv?id=UNRATE&vintage_date=2007-12-31,2026-09-02T13:50:23.887111425+00:00,2007-12-31,02f2e68275d292d5d2a89402db712a7784210e59841a136cb27cffe8ef28bf73,ALFRED
UNRATE,UNRATE_20080331.csv,https://alfred.stlouisfed.org/graph/alfredgraph.csv?id=UNRATE&vintage_date=2008-03-31,2026-09-02T13:50:24.622504950+00:00,2008-03-31,95fad78a094e84ed7038ba13bdbaea958df78d672021706736b2c6847c416e6c,ALFRED
UNRATE,UNRATE_20080630.csv,https://alfred.stlouisfed.org/graph/alfredgraph.csv?id=UNRATE&vintage_date=2008-06-30,2026-09-02T13:50:25.358938217+00:00,2008-06-30,a0e65ef0907851e8747bc95cfe01330e0ea3b2fb6f4719671011ee29a78b7f85,ALFRED
UNRATE,UNRATE_20080930.csv,https://alfred.stlouisfed.org/graph/alfredgraph.csv?id=UNRATE&vintage_date=2008-09-30,2026-09-02T13:50:26.038108587+00:00,2008-09-30,054d940f61f2c4013eefced4a4f6a95b2148b4e50cc50ec67dced09f1cb93bba,ALFRED
UNRATE,UNRATE_20081231.csv,https://alfred.stlouisfed.org/graph/alfredgraph.csv?id=UNRATE&vintage_date=2008-12-31,2026-09-02T13:50:26.906713724+00:00,2008-12-31,d1db29f66e2cf6f6b965750fbc4c2e571b36b4733c3c17fe6bba94e0547fc3a1,ALFRED
UNRATE,UNRATE_20090331.csv,https://alfred.stlouisfed.org/graph/alfredgraph.csv?id=UNRATE&vintage_date=2009-03-31,2026-09-02T13:50:28.037917376+00:00,2009-03-31,ebc114bf2082bfa2bb8c2a0351103088f576b0a137911ee94868db52d5550a6e,ALFRED
UNRATE,UNRATE_20090630.csv,https://alfred.stlouisfed.org/graph/alfredgraph.csv?id=UNRATE&vintage_date=2009-06-30,2026-09-02T13:50:28.768978357+00:00,2009-06-30,c163b9febebacd63622914e243af6632e64d090ae9efad02663c667ffec0f2c3,ALFRED
UNRATE,UNRATE_20090930.csv,https://alfred.stlouisfed.org/graph/alfredgraph.csv?id=UNRATE&vintage_date=2009-09-30,2026-09-02T13:50:29.515461206+00:00,2009-09-30,d1efe1568437637122166e5e4284dc98c02a0db31278746cce9c15596eddc8eb,ALFRED
UNRATE,UNRATE_20091231.csv,https://alfred.stlouisfed.org/graph/alfredgraph.csv?id=UNRATE&vintage_date=2009-12-31,2026-09-02T13:50:30.204798698+00:00,2009-12-31,e018d8e63f388a4d7cb719ae02da10c56d8b6f1699b1e1c2cd1de8ab172ce26b,ALFRED
UNRATE,UNRATE_20100331.csv,https://alfred.stlouisfed.org/graph/alfredgraph.csv?id=UNRATE&vintage_date=2010-03-31,2026-09-02T13:50:30.999486446+00:00,2010-03-31,0427d8276fd5974dad8bfadf745ee2bf93fa501c305d95bfde50a151a264ce73,ALFRED
UNRATE,UNRATE_20100630.csv,https://alfred.stlouisfed.org/graph/alfredgraph.csv?id=UNRATE&vintage_date=2010-06-30,2026-09-02T13:50:31.784205675+00:00,2010-06-30,379becc4d7f09a9181f66eb7d4b1993a52b0bc2a22ae29274b60ca279b05f03e,ALFRED
UNRATE,UNRATE_20100930.csv,https://alfred.stlouisfed.org/graph/alfredgraph.csv?id=UNRATE&vintage_date=2010-09-30,2026-09-02T13:50:32.504929304+00:00,2010-09-30,b58225a599c3734ded72666593b6a4a3cdcb21501502593be58ba9ea5d22eb0f,ALFRED
UNRATE,UNRATE_20101231.csv,https://alfred.stlouisfed.org/graph/alfredgraph.csv?id=UNRATE&vintage_date=2010-12-31,2026-09-02T13:50:33.183696032+00:00,2010-12-31,62dd2582e1624849a409f2f0d259048656c9de4b3f729a34de0d68feee974176,ALFRED
UNRATE,UNRATE_20110331.csv,https://alfred.stlouisfed.org/graph/alfredgraph.csv?id=UNRATE&vintage_date=2011-03-31,2026-09-02T13:50:33.896245003+00:00,2011-03-31,a48c2ae842eb55ae796726b75c65af94ac653d2e7d66f0528bf6acdb2d0a4e1b,ALFRED
UNRATE,UNRATE_20110630.csv,https://alfred.stlouisfed.org/graph/alfredgraph.csv?id=UNRATE&vintage_date=2011-06-30,2026-09-02T13:50:34.892499685+00:00,2011-06-30,4db4c858374aa97b1c232b4dcb80c55cd03d1f0a80806bcba71ab8c6f3877ede,ALFRED
UNRATE,UNRATE_20110930.csv,https://alfred.stlouisfed.org/graph/alfredgraph.csv?id=UNRATE&vintage_date=2011-09-30,2026-09-02T13:50:35.482151031+00:00,2011-09-30,4c3bf8954daf7c93f791ec9bd75f7d47867455ee15f21b48dbad62ae234a606e,ALFRED
UNRATE,UNRATE_20111231.csv,https://alfred.stlouisfed.org/graph/alfredgraph.csv?id=UNRATE&vintage_date=2011-12-31,2026-09-02T13:50:36.165745974+00:00,2011-12-31,7b1be4883ea38e7eb9d274b84955e3f61a0fbef064f0d4e3bb0122d938e17505,ALFRED
UNRATE,UNRATE_20120331.csv,https://alfred.stlouisfed.org/graph/alfredgraph.csv?id=UNRATE&vintage_date=2012-03-31,2026-09-02T13:50:36.799413204+00:00,2012-03-31,a2c5a04a65efb4d7e39f86ffc70b062ab3e36f1ed61e854d7060935d12b18ce4,ALFRED
UNRATE,UNRATE_20120630.csv,https://alfred.stlouisfed.org/graph/alfredgraph.csv?id=UNRATE&vintage_date=2012-06-30,2026-09-02T13:50:37.384523630+00:00,2012-06-30,2d5fca054fe1054f568870bcbaf74b9c699c2b8b75d2d3ada59c7ee05f55d195,ALFRED
UNRATE,UNRATE_20120930.csv,https://alfred.stlouisfed.org/graph/alfredgraph.csv?id=UNRATE&vintage_date=2012-09-30,2026-09-02T13:50:38.241037130+00:00,2012-09-30,f12da76a029119421d4ecc712e32da043dd95158c92efafc961a7f1f0490ecd4,ALFRED
UNRATE,UNRATE_20121231.csv,https://alfred.stlouisfed.org/graph/alfredgraph.csv?id=UNRATE&vintage_date=2012-12-31,2026-09-02T13:50:38.895034790+00:00,2012-12-31,b6a59e8bde418c9d5b51967e2c212b3401e604b134e788f73516acc3289bab6a,ALFRED
UNRATE,UNRATE_20130331.csv,https://alfred.stlouisfed.org/graph/alfredgraph.csv?id=UNRATE&vintage_date=2013-03-31,2026-09-02T13:50:39.661912203+00:00,2013-03-31,6e9a065d8a29120db01c811b28d19466676c092d0dbc9e1faf7db3658532eee5,ALFRED
UNRATE,UNRATE_20130630.csv,https://alfred.stlouisfed.org/graph/alfredgraph.csv?id=UNRATE&vintage_date=2013-06-30,2026-09-02T13:50:40.607588291+00:00,2013-06-30,3d09bf6a566dab660efe67008875b670adbebae00384c0af9849a7fcf31facde,ALFRED
UNRATE,UNRATE_20130930.csv,https://alfred.stlouisfed.org/graph/alfredgraph.csv?id=UNRATE&vintage_date=2013-09-30,2026-09-02T13:50:41.701746941+00:00,2013-09-30,a5470cad311a2c072816f729c41ebc94fdbe8e72eedadcbb7dff509898f620ea,ALFRED
UNRATE,UNRATE_20131231.csv,https://alfred.stlouisfed.org/graph/alfredgraph.csv?id=UNRATE&vintage_date=2013-12-31,2026-09-02T13:50:42.394233942+00:00,2013-12-31,ae843ad01b07a3f30c0ecbdb92578a5c2b48f468e8c5226733cedfcd4e7e2ce7,ALFRED
UNRATE,UNRATE_20140331.csv,https://alfred.stlouisfed.org/graph/alfredgraph.csv?id=UNRATE&vintage_date=2014-03-31,2026-09-02T13:50:43.119601965+00:00,2014-03-31,15cc605121c7237b158c8c38d318a0d3cfb02596d4966fcfc7249df54ae65774,ALFRED
UNRATE,UNRATE_20140630.csv,https://alfred.stlouisfed.org/graph/alfredgraph.csv?id=UNRATE&vintage_date=2014-06-30,2026-09-02T13:50:43.779163837+00:00,2014-06-30,a16bd992f767808816a000000d658795ec37efb364968ec2e7757d06467508ad,ALFRED
UNRATE,UNRATE_20140930.csv,https://alfred.stlouisfed.org/graph/alfredgraph.csv?id=UNRATE&vintage_date=2014-09-30,2026-09-02T13:50:44.654903412+00:00,2014-09-30,2c2362855b9487101b3e64bbdae59ee71dbb716dfc272fdc981ce83388ca967d,ALFRED
UNRATE,UNRATE_20141231.csv,https://alfred.stlouisfed.org/graph/alfredgraph.csv?id=UNRATE&vintage_date=2014-12-31,2026-09-02T13:50:45.373940945+00:00,2014-12-31,068182dbfc1288dd33716bec3a04743099ff364247101ba6739946f2c9a13f03,ALFRED
UNRATE,UNRATE_20150331.csv,https://alfred.stlouisfed.org/graph/alfredgraph.csv?id=UNRATE&vintage_date=2015-03-31,2026-09-02T13:50:46.252896785+00:00,2015-03-31,0a22ab455378d411bbad5b4d4f290ccb97521568b8527acf5203072cdb53548f,ALFRED
UNRATE,UNRATE_20150630.csv,https://alfred.stlouisfed.org/graph/alfredgraph.csv?id=UNRATE&vintage_date=2015-06-30,2026-09-02T13:50:46.999548197+00:00,2015-06-30,6f9f06b25554505a3585381cbddd4fa6102496bdd11bf250cef54ede78d3cf19,ALFRED
UNRATE,UNRATE_20150930.csv,https://alfred.stlouisfed.org/graph/alfredgraph.csv?id=UNRATE&vintage_date=2015-09-30,2026-09-02T13:50:47.728430748+00:00,2015-09-30,9f924b3938d8b0dcfd9a01296bc0d2bca09150d79ac67e4484863a3d145bdcaf,ALFRED
UNRATE,UNRATE_20151231.csv,https://alfred.stlouisfed.org/graph/alfredgraph.csv?id=UNRATE&vintage_date=2015-12-31,2026-09-02T13:50:48.492459536+00:00,2015-12-31,cc761468c68bb8f82f0be05d7e27c9f680e7b2515a7e54a1473742f924475b0d,ALFRED
UNRATE,UNRATE_20160331.csv,https://alfred.stlouisfed.org/graph/alfredgraph.csv?id=UNRATE&vintage_date=2016-03-31,2026-09-02T13:50:49.234388590+00:00,2016-03-31,83d834f2d24dec6f11d078f2d51fdaa57cf6fec767399d53632650a5885c1849,ALFRED
UNRATE,UNRATE_20160630.csv,https://alfred.stlouisfed.org/graph/alfredgraph.csv?id=UNRATE&vintage_date=2016-06-30,2026-09-02T13:50:49.909090519+00:00,2016-06-30,45f3774e4d20b6e14abcd4f5bec7498ed154c74394a1ed5d7d085283eb779b9a,ALFRED
UNRATE,UNRATE_20160930.csv,https://alfred.stlouisfed.org/graph/alfredgraph.csv?id=UNRATE&vintage_date=2016-09-30,2026-09-02T13:50:50.734120846+00:00,2016-09-30,53e5d93310daf90568b13d4c0e3e57c578e3c5ee2e8b1a33a933dcd29e0e7edf,ALFRED
UNRATE,UNRATE_20161231.csv,https://alfred.stlouisfed.org/graph/alfredgraph.csv?id=UNRATE&vintage_date=2016-12-31,2026-09-02T13:50:51.546026945+00:00,2016-12-31,5fb7cdfb0df82c00ab125fe0083d5a2bd893e148adca850d04219d6ead881018,ALFRED
UNRATE,UNRATE_20170331.csv,https://alfred.stlouisfed.org/graph/alfredgraph.csv?id=UNRATE&vintage_date=2017-03-31,2026-09-02T13:50:52.333325148+00:00,2017-03-31,e06a9ade9cbe9c87e5528105e3700c6f5e2920ebfc6c6dd232aea591a651b84e,ALFRED
UNRATE,UNRATE_20170630.csv,https://alfred.stlouisfed.org/graph/alfredgraph.csv?id=UNRATE&vintage_date=2017-06-30,2026-09-02T13:50:53.074220181+00:00,2017-06-30,64f830a17fce9f73a6c7ab508cda0e9e500b6e39ac2824754dcc2ca42eacfe7a,ALFRED
UNRATE,UNRATE_20170930.csv,https://alfred.stlouisfed.org/graph/alfredgraph.csv?id=UNRATE&vintage_date=2017-09-30,2026-09-02T13:50:53.709508657+00:00,2017-09-30,f3660a9c05d7a1acfa7b7cef21a4b2046bbf53b83f211f7295dec2405f935123,ALFRED
UNRATE,UNRATE_20171231.csv,https://alfred.stlouisfed.org/graph/alfredgraph.csv?id=UNRATE&vintage_date=2017-12-31,2026-09-02T13:50:54.318767786+00:00,2017-12-31,3a75dc2b37b51fa533825874ee106d16cb87c6861e0a7ab679b7324c0042082e,ALFRED
UNRATE,UNRATE_20180331.csv,https://alfred.stlouisfed.org/graph/alfredgraph.csv?id=UNRATE&vintage_date=2018-03-31,2026-09-02T13:50:55.345707417+00:00,2018-03-31,7c0f5f9556d5619e9abfe69391fe6e302feceb33d36982ee89d647d6bef09922,ALFRED
UNRATE,UNRATE_20180630.csv,https://alfred.stlouisfed.org/graph/alfredgraph.csv?id=UNRATE&vintage_date=2018-06-30,2026-09-02T13:50:55.954150200+00:00,2018-06-30,b9221989c053769b9c5072f6415ef9ef4331dbbda099c3902fa5a8b96ab9e799,ALFRED
UNRATE,UNRATE_20180930.csv,https://alfred.stlouisfed.org/graph/alfredgraph.csv?id=UNRATE&vintage_date=2018-09-30,2026-09-02T13:50:56.983136415+00:00,2018-09-30,71142a3169160ee92ab6acd36cba3cd62d501a40d85a62ea962ed1a9061981d0,ALFRED
UNRATE,UNRATE_20181231.csv,https://alfred.stlouisfed.org/graph/alfredgraph.csv?id=UNRATE&vintage_date=2018-12-31,2026-09-02T13:50:57.625717163+00:00,2018-12-31,fba160226dc7df743077b57d70515557ae72896494135ebaa34a4f7300219bc1,ALFRED
UNRATE,UNRATE_20190331.csv,https://alfred.stlouisfed.org/graph/alfredgraph.csv?id=UNRATE&vintage_date=2019-03-31,2026-09-02T13:50:58.376792431+00:00,2019-03-31,eb7cd36a87514f794dec8930abf540df63dce29d621b0e0e3bdc433ac1715d21,ALFRED
UNRATE,UNRATE_20190630.csv,https://alfred.stlouisfed.org/graph/alfredgraph.csv?id=UNRATE&vintage_date=2019-06-30,2026-09-02T13:50:59.106205940+00:00,2019-06-30,cbdba23b5eba117b37f10aa85366b1fd5024baf668b225b73af3f01a172047be,ALFRED
UNRATE,UNRATE_20190930.csv,https://alfred.stlouisfed.org/graph/alfredgraph.csv?id=UNRATE&vintage_date=2019-09-30,2026-09-02T13:50:59.795719624+00:00,2019-09-30,f1321ea5ba81294005358bc588976e43834d9e1fceb404acdef7ba5712c9e05d,ALFRED
UNRATE,UNRATE_20191231.csv,https://alfred.stlouisfed.org/graph/alfredgraph.csv?id=UNRATE&vintage_date=2019-12-31,2026-09-02T13:51:00.477636099+00:00,2019-12-31,56f7b078d43fc9966985886e43db54606c31c0a207d568fb41e3b030682798dd,ALFRED
UNRATE,UNRATE_20200331.csv,https://alfred.stlouisfed.org/graph/alfredgraph.csv?id=UNRATE&vintage_date=2020-03-31,2026-09-02T13:51:02.069871902+00:00,2020-03-31,d97b7bab46d03295c1ca4e2b7c5a340b1d7d4857bc20d7ed6ca8d1f5baffd66a,ALFRED
UNRATE,UNRATE_20200630.csv,https://alfred.stlouisfed.org/graph/alfredgraph.csv?id=UNRATE&vintage_date=2020-06-30,2026-09-02T13:51:02.806295395+00:00,2020-06-30,e0023421db31ac616027a018090211a4f2a5179e82e9bfea8e6286c244ef36bf,ALFRED
UNRATE,UNRATE_20200930.csv,https://alfred.stlouisfed.org/graph/alfredgraph.csv?id=UNRATE&vintage_date=2020-09-30,2026-09-02T13:51:03.763164282+00:00,2020-09-30,863589fba798ef92f547726a798ff3c3eda3aedf0324d1819df8ddbf4a65d308,ALFRED
UNRATE,UNRATE_20201231.csv,https://alfred.stlouisfed.org/graph/alfredgraph.csv?id=UNRATE&vintage_date=2020-12-31,2026-09-02T13:51:04.463171005+00:00,2020-12-31,b34b25e5cc369f72fa950e24f30985d7ac3e312cf5a63a5c08facc557754a3d3,ALFRED
UNRATE,UNRATE_20210331.csv,https://alfred.stlouisfed.org/graph/alfredgraph.csv?id=UNRATE&vintage_date=2021-03-31,2026-09-02T13:51:05.368114233+00:00,2021-03-31,fbef6e1eb9d2eeb5e9154a6973b9575a1979d21e66292f0ebb7717159409c673,ALFRED
UNRATE,UNRATE_20210630.csv,https://alfred.stlouisfed.org/graph/alfredgraph.csv?id=UNRATE&vintage_date=2021-06-30,2026-09-02T13:51:06.073967695+00:00,2021-06-30,5ca2151c97f67ae0d07379bafc622f84c89f856b51683d2864b3622fb1381072,ALFRED
UNRATE,UNRATE_20210930.csv,https://alfred.stlouisfed.org/graph/alfredgraph.csv?id=UNRATE&vintage_date=2021-09-30,2026-09-02T13:51:06.783486605+00:00,2021-09-30,57c0beacb8af4e748779024551fb937ceef85c4e819aa18bd89e197f6c61a634,ALFRED
UNRATE,UNRATE_20211231.csv,https://alfred.stlouisfed.org/graph/alfredgraph.csv?id=UNRATE&vintage_date=2021-12-31,2026-09-02T13:51:07.585966587+00:00,2021-12-31,d5b5aabc909088f5e83dca39a5ca82290392700228f4bf07514a3958b930eff2,ALFRED
UNRATE,UNRATE_20220331.csv,https://alfred.stlouisfed.org/graph/alfredgraph.csv?id=UNRATE&vintage_date=2022-03-31,2026-09-02T13:51:08.349861383+00:00,2022-03-31,04fc7aa6c6551da929e15c96f1b70c7e6458fa854f6d5dde9b30eace71051765,ALFRED
UNRATE,UNRATE_20220630.csv,https://alfred.stlouisfed.org/graph/alfredgraph.csv?id=UNRATE&vintage_date=2022-06-30,2026-09-02T13:51:09.062758922+00:00,2022-06-30,50958bfed1473e8c9c799838192a9c5f6abe1dd3dd2023546f3cf66d997b08eb,ALFRED
UNRATE,UNRATE_20220930.csv,https://alfred.stlouisfed.org/graph/alfredgraph.csv?id=UNRATE&vintage_date=2022-09-30,2026-09-02T13:51:09.795847416+00:00,2022-09-30,9611c1475e795bea42ff4de5c4efedb421468e4c17de90cebc93cf73347ce08f,ALFRED
UNRATE,UNRATE_20221231.csv,https://alfred.stlouisfed.org/graph/alfredgraph.csv?id=UNRATE&vintage_date=2022-12-31,2026-09-02T13:51:10.476044416+00:00,2022-12-31,4d8bc528309181f3c900947a7529565b98d3b4063521cd0897e4bb4880ac8827,ALFRED
UNRATE,UNRATE_20230331.csv,https://alfred.stlouisfed.org/graph/alfredgraph.csv?id=UNRATE&vintage_date=2023-03-31,2026-09-02T13:51:11.387264490+00:00,2023-03-31,4696a0e26ce37caba2a70a3b19b67d27c2fcd8785df6609595524795c4c9653a,ALFRED
UNRATE,UNRATE_20230630.csv,https://alfred.stlouisfed.org/graph/alfredgraph.csv?id=UNRATE&vintage_date=2023-06-30,2026-09-02T13:51:12.111244917+00:00,2023-06-30,b62d37d9d909407d883841563fd15cfaa38dec49aee7484976c18408a1206a18,ALFRED
UNRATE,UNRATE_20230930.csv,https://alfred.stlouisfed.org/graph/alfredgraph.csv?id=UNRATE&vintage_date=2023-09-30,2026-09-02T13:51:12.920221090+00:00,2023-09-30,ff6642830c6811a336a0e6d85f3e4a1c6a0feee8182fbefccf75c56941d822ff,ALFRED
UNRATE,UNRATE_20231231.csv,https://alfred.stlouisfed.org/graph/alfredgraph.csv?id=UNRATE&vintage_date=2023-12-31,2026-09-02T13:51:13.706429482+00:00,2023-12-31,3c9e356ceba05480704e32b2256c556f514840c91aa5d735bd908f6a8fd084c9,ALFRED
UNRATE,UNRATE_20240331.csv,https://alfred.stlouisfed.org/graph/alfredgraph.csv?id=UNRATE&vintage_date=2024-03-31,2026-09-02T13:51:14.380079269+00:00,2024-03-31,77771e1c57850ba7111fc21adff709012f6c2f12abb7fa3ca0e478a32a0039f1,ALFRED
UNRATE,UNRATE_20240630.csv,https://alfred.stlouisfed.org/graph/alfredgraph.csv?id=UNRATE&vintage_date=2024-06-30,2026-09-02T13:51:15.428949594+00:00,2024-06-30,7f31bb9839824a43cadaf209099406d3a50d0998790b6989c4b17b44d9379b37,ALFRED
UNRATE,UNRATE_20240930.csv,https://alfred.stlouisfed.org/graph/alfredgraph.csv?id=UNRATE&vintage_date=2024-09-30,2026-09-02T13:51:16.304962397+00:00,2024-09-30,9c8218b9a59c8bcc7c24e7418ad281387079c2ad3d590bb566313a806e29d2d5,ALFRED
UNRATE,UNRATE_20241231.csv,https://alfred.stlouisfed.org/graph/alfredgraph.csv?id=UNRATE&vintage_date=2024-12-31,2026-09-02T13:51:17.086207390+00:00,2024-12-31,69d6b5baaad361258405bdeec6736219a89fc928e5e3fc50d5f1c7746e3fb3c7,ALFRED
UNRATE,UNRATE_20250331.csv,https://alfred.stlouisfed.org/graph/alfredgraph.csv?id=UNRATE&vintage_date=2025-03-31,2026-09-02T13:51:17.853850365+00:00,2025-03-31,5050e61a74f2c7c8728d629154f9cb942cda6abd03c58a641dab2577106f5868,ALFRED
UNRATE,UNRATE_20250630.csv,https://alfred.stlouisfed.org/graph/alfredgraph.csv?id=UNRATE&vintage_date=2025-06-30,2026-09-02T13:51:18.789644480+00:00,2025-06-30,c93999b77c05c649128698b2de2cce5bfd61ea7241074ec61ee1329a8df28caa,ALFRED
UNRATE,UNRATE_20250930.csv,https://alfred.stlouisfed.org/graph/alfredgraph.csv?id=UNRATE&vintage_date=2025-09-30,2026-09-02T13:51:19.667825222+00:00,2025-09-30,e8408aa33fa01b946fcc7a12bf37f5df932f19494a15463d529dd4e604908949,ALFRED
UNRATE,UNRATE_20251231.csv,https://alfred.stlouisfed.org/graph/alfredgraph.csv?id=UNRATE&vintage_date=2025-12-31,2026-09-02T13:51:20.401279688+00:00,2025-12-31,22da51cf4f3e66b71a4d889f0abc9e44dd04e84e615ed48683f10d99d14e30be,ALFRED
UNRATE,UNRATE_final.csv,https://fred.stlouisfed.org/graph/fredgraph.csv?id=UNRATE,2026-09-02T13:50:14.235405445+00:00,final,16d58be073a776d1e4ceec7811ec0ff02396a2363b4580bd5696fb62b27a4f25,ALFRED
USSTHPI,USSTHPI_final.csv,https://fred.stlouisfed.org/graph/fredgraph.csv?id=USSTHPI,2026-09-02T13:51:21.886770725+00:00,final,a21e1ce8bed6b8bf88597ac76dba490158f42e2fb837891289a1945d30bb9157,FRED
