bank_id,bank_name,cre_to_tier1,cre_share,exposure,tier1_capital,cre_group,cumulative_loss_thousands,modeled_credit_loss_burden,equal_loss_rate_reference,mechanical_equal_rate_loss_thousands,mechanical_equal_rate_burden,decomposition_status
143662,COLUMBIA BANK,4.300775766402998,0.5674705256851125,27260493.0,6338506.0,High,209017.1482237406,0.032975775083866864,0.003283905205181449,89520.87485851246,0.014123339925609041,DESCRIPTIVE_NOT_CAUSAL
1842065,CIBC BANK USA,2.0603413414585283,0.43083443171826385,17124047.0,8311267.0,Mid,136093.49913251717,0.016374579126445722,0.003283905205181449,56233.74707707177,0.00676596565566619,DESCRIPTIVE_NOT_CAUSAL
1929247,SOUTHSTATE BANK NA,4.118832198675601,0.5466975741803826,26757495.0,6496379.0,High,118816.34653536408,0.018289626657460114,0.003283905205181449,87869.07710811659,0.013525854496499757,DESCRIPTIVE_NOT_CAUSAL
197478,EAST WEST BANK,2.668554703960702,0.3739566891230076,21277817.0,7973536.0,Mid,12903.079744220784,0.0016182380996612774,0.003283905205181449,69874.33400119832,0.00876328068264799,DESCRIPTIVE_NOT_CAUSAL
208244,OLD NATIONAL BANK,3.809974048252283,0.4604249623896951,22476599.0,5899410.0,High,20240.059655474437,0.0034308616718408177,0.003283905205181449,73811.02045087615,0.012511593608661909,DESCRIPTIVE_NOT_CAUSAL
229801,VALLEY NATIONAL BANK,4.645741730365961,0.5832356085164502,29256828.0,6297558.0,High,66634.53794642835,0.010581012187014132,0.003283905205181449,96076.64975629836,0.01525617545027745,DESCRIPTIVE_NOT_CAUSAL
233031,REGIONS BANK,1.0475993091537132,0.15775620819158787,15164000.0,14475000.0,Low,31463.814196631312,0.0021736659203199526,0.003283905205181449,49797.13853137149,0.003440216824274369,DESCRIPTIVE_NOT_CAUSAL
276579,ZIONS BCORP N A,2.880501039980356,0.3771613478210326,23051368.0,8002555.0,High,6931.744297826129,0.0008661913973507372,0.003283905205181449,75698.50736175309,0.009459292358722069,DESCRIPTIVE_NOT_CAUSAL
280110,KEYBANK NATIONAL ASSN,0.9358469882788445,0.1594942594040698,17197128.0,18376004.0,Low,55995.48700711812,0.0030472069448351296,0.003283905205181449,56473.73815337164,0.00307323279606228,DESCRIPTIVE_NOT_CAUSAL
2925666,PINNACLE BANK,3.2090605346139887,0.4229764562055197,16602402.0,5173602.0,High,111343.66320028584,0.021521497633618866,0.003283905205181449,54520.7143463149,0.01053825059336124,DESCRIPTIVE_NOT_CAUSAL
3138146,WESTERN ALLIANCE BANK,2.0448233421372786,0.25439607162286254,15846473.0,7749556.0,Mid,89800.7608306667,0.011587858818062182,0.003283905205181449,52038.31516846729,0.006715006016921136,DESCRIPTIVE_NOT_CAUSAL
3212149,UBS BANK USA,0.15556880279349675,0.01806222100981402,1601812.0,10296486.0,Low,8283.7936128328,0.0008045262833196491,0.003283905205181449,5260.198764522107,0.0005108732012574103,DESCRIPTIVE_NOT_CAUSAL
3303298,CITIZENS BANK NATIONAL ASSN,1.3156206746810148,0.19122891420791532,27557559.0,20946432.0,Low,162224.48554093763,0.007744731204862844,0.003283905205181449,90496.41144219488,0.004320373581629314,DESCRIPTIVE_NOT_CAUSAL
339858,BOKF NATIONAL ASSN,2.401010709233492,0.4334772246187243,11140949.0,4640108.0,Mid,2330.610683672152,0.000502275094388353,0.003283905205181449,36585.82041176106,0.007884691565748267,DESCRIPTIVE_NOT_CAUSAL
379920,FIRST NB OF PENNSYLVANIA,2.7795314353295884,0.344638445977294,12150541.0,4371435.0,High,77319.09915469105,0.01768734961281388,0.003283905205181449,39901.224835670604,0.009127717748444298,DESCRIPTIVE_NOT_CAUSAL
395238,SYNOVUS BANK,3.308804281805819,0.440369823307993,19698556.0,5953376.0,High,51366.67253779105,0.008628158634326312,0.003283905205181449,64688.19058295826,0.010865799603948794,DESCRIPTIVE_NOT_CAUSAL
413208,HSBC BANK USA NATIONAL ASSN,0.17146144037094374,0.053865981648469674,2927212.0,17072130.0,Low,20976.654259925268,0.0012287075051516869,0.003283905205181449,9612.686723469598,0.0005630631165220507,DESCRIPTIVE_NOT_CAUSAL
485559,FIRST HORIZON BANK,2.7194501614813116,0.3465696015634854,22377855.0,8228816.0,Mid,38112.79783399511,0.004631625963442992,0.003283905205181449,73486.75451529572,0.00893041654052001,DESCRIPTIVE_NOT_CAUSAL
491224,FIRST-CITIZENS BANK&TRUST CO,1.7121863484821898,0.2624303262981665,39031000.0,22796000.0,Mid,176105.59171202593,0.007725284774172045,0.003283905205181449,128174.10406343713,0.005622657662021281,DESCRIPTIVE_NOT_CAUSAL
501105,MANUFACTURERS&TRADERS TR CO,1.7300560971520962,0.243606706079704,33808431.0,19541812.0,Mid,93389.50268880442,0.004778958199413873,0.003283905205181449,111023.68253991785,0.005681340222693671,DESCRIPTIVE_NOT_CAUSAL
60143,COMERICA BANK,2.0641698751604247,0.3474196842353311,17692000.0,8571000.0,Mid,0.0,0.0,0.003283905205181449,58098.85089007019,0.00677853819741806,DESCRIPTIVE_NOT_CAUSAL
606046,CADENCE BANK,3.059351324322386,0.4116499414280103,15442498.0,5047638.0,High,28838.777935597922,0.005713321346657174,0.003283905205181449,50711.699563204114,0.010046619738421043,DESCRIPTIVE_NOT_CAUSAL
63069,CITY NATIONAL BANK,1.4996226878735526,0.2385150687699138,16428548.0,10955121.0,Low,0.0,0.0,0.003283905205181449,53949.79429077328,0.004924618750516154,DESCRIPTIVE_NOT_CAUSAL
682563,FROST BANK,2.14337017187432,0.4589745490700108,10047785.0,4687844.0,Mid,10950.063402314881,0.002335842106161144,0.003283905205181449,32995.97346204409,0.007038624464048737,DESCRIPTIVE_NOT_CAUSAL
694904,FLAGSTAR BANK NATIONAL ASSN,4.6020084909103565,0.6298652157192953,38419670.0,8348457.0,High,133722.2298595613,0.016017598205220595,0.003283905205181449,126166.55429435355,0.015112559637589743,DESCRIPTIVE_NOT_CAUSAL
722777,SANTANDER BANK N A,1.3565916108434661,0.3278947780171443,17791992.0,13115216.0,Low,52225.201835580236,0.003982031392817338,0.003283905205181449,58427.2151393467,0.004454918252154345,DESCRIPTIVE_NOT_CAUSAL
723112,FIFTH THIRD BANK NA,0.7585684094459249,0.1338179990922648,16511000.0,21766000.0,Low,47560.876412390084,0.0021850995319484556,0.003283905205181449,54220.5588427509,0.0024910667482656848,DESCRIPTIVE_NOT_CAUSAL
761806,WEBSTER BANK NATIONAL ASSN,3.177363860128619,0.3932895600430693,22264907.0,7007352.0,High,76149.63026411444,0.010867105043975875,0.003283905205181449,73115.84399018087,0.010434161719031793,DESCRIPTIVE_NOT_CAUSAL
936855,UMB BANK NATIONAL ASSN,2.758079064669138,0.4000572645088612,15514796.0,5625218.0,Mid,11122.721977493416,0.0019772961647874653,0.003283905205181449,50949.11934172832,0.009057270196768965,DESCRIPTIVE_NOT_CAUSAL
940311,BANCO POPULAR DE PUERTO RICO,1.1670383586083855,0.19009735541993605,5233000.0,4484000.0,Low,45928.234427830364,0.010242692780515246,0.003283905205181449,17184.67593871452,0.003832443340480491,DESCRIPTIVE_NOT_CAUSAL
962966,SOFI BANK NATIONAL ASSN,0.027525252481635697,0.00433108019468105,159361.0,5789629.0,Low,1639.7179533169892,0.0002832164121944583,0.003283905205181449,523.3264174029208,9.039031989837704e-05,DESCRIPTIVE_NOT_CAUSAL
