bank_id,bank_name,model,baseline_loss,severe_loss,cre_loss,ci_loss,mortgage_loss,mortgage_loss_status,capital_depletion,allowance_adjusted_loss,loss_to_loans
143662,COLUMBIA BANK,dynamic_fe,1116152.2903187037,3703834.1852889704,3409525.846258704,294308.33903026616,,unavailable: approved stress models cover CRE and CI only,0.5843386730704317,3237410.1852889704,0.07710120034059628
143662,COLUMBIA BANK,quantile_0.9,2097458.628789392,6486102.891327632,6042819.913689881,443282.9776377513,,unavailable: approved stress models cover CRE and CI only,1.0232857539817162,6019678.891327632,0.1350185492752981
1842065,CIBC BANK USA,dynamic_fe,12915.062402103133,514258.28589905216,226723.6556064926,287534.63029255957,,unavailable: approved stress models cover CRE and CI only,0.06187483639967915,32826.28589905216,0.012938540542532182
1842065,CIBC BANK USA,quantile_0.9,820225.6260012134,4085605.76150748,3478663.925053587,606941.8364538928,,unavailable: approved stress models cover CRE and CI only,0.49157436062485776,3604173.76150748,0.10279226846807532
1929247,SOUTHSTATE BANK NA,dynamic_fe,0.0,2178681.7440204276,2020545.4106063417,158136.33341408576,,unavailable: approved stress models cover CRE and CI only,0.33536863289848506,1593484.7440204276,0.04451388384327654
1929247,SOUTHSTATE BANK NA,quantile_0.9,1450724.787582518,5646378.735781381,5336512.014577111,309866.7212042696,,unavailable: approved stress models cover CRE and CI only,0.8691578394335338,5061181.735781381,0.11536437016078584
276579,ZIONS BCORP N A,dynamic_fe,63691.60414859618,2122759.1365774707,1701844.5799732362,420914.5566042347,,unavailable: approved stress models cover CRE and CI only,0.2652601746039197,1444708.1365774707,0.034732112083368336
276579,ZIONS BCORP N A,quantile_0.9,1415172.7119091167,5123242.1829541745,4378483.990025742,744758.1929284325,,unavailable: approved stress models cover CRE and CI only,0.6402008087359817,4445191.1829541745,0.08382534723911247
2925666,PINNACLE BANK,dynamic_fe,3346.7181369877417,1489663.5331411853,1182663.5255119726,307000.0076292126,,unavailable: approved stress models cover CRE and CI only,0.2879354718706977,1048123.5331411853,0.03795189408054644
2925666,PINNACLE BANK,quantile_0.9,3727730.8041805425,6397587.607613375,5923186.0803291295,474401.52728424524,,unavailable: approved stress models cover CRE and CI only,1.236582869655102,5956047.607613375,0.16299020675036385
3138146,WESTERN ALLIANCE BANK,dynamic_fe,942865.1551442789,2590541.292289891,2247498.074735263,343043.2175546279,,unavailable: approved stress models cover CRE and CI only,0.3342825437082964,2129851.292289891,0.04158802581087677
3138146,WESTERN ALLIANCE BANK,quantile_0.9,4025551.76840814,6726297.973554419,6033244.768378181,693053.205176238,,unavailable: approved stress models cover CRE and CI only,0.867959141601715,6265607.973554419,0.10798262686195628
339858,BOKF NATIONAL ASSN,dynamic_fe,0.0,832973.729316121,640820.8712809279,192152.85803519303,,unavailable: approved stress models cover CRE and CI only,0.179516021893482,557113.729316121,0.03240972922183385
339858,BOKF NATIONAL ASSN,quantile_0.9,1397341.796409421,3220437.7388769803,2949231.3809705703,271206.35790641024,,unavailable: approved stress models cover CRE and CI only,0.6940437030510885,2944577.7388769803,0.12530228915919042
379920,FIRST NB OF PENNSYLVANIA,dynamic_fe,220687.9733594575,1277540.8288729396,1119382.9869495586,158157.841923381,,unavailable: approved stress models cover CRE and CI only,0.29224747225406295,841010.8288729396,0.03623622075225407
379920,FIRST NB OF PENNSYLVANIA,quantile_0.9,3899534.4542472637,5653726.026676633,5392938.693675034,260787.33300159953,,unavailable: approved stress models cover CRE and CI only,1.2933341172124562,5217196.026676633,0.16036251816402378
395238,SYNOVUS BANK,dynamic_fe,1086940.2243614204,3022693.453559921,2731085.150671144,291608.30288877734,,unavailable: approved stress models cover CRE and CI only,0.5077276243865533,2544759.453559921,0.06757363240525903
395238,SYNOVUS BANK,quantile_0.9,10721247.399265276,13938870.741580198,13454079.336077202,484791.4055029962,,unavailable: approved stress models cover CRE and CI only,2.341338887646303,13460936.741580198,0.3116095436428246
485559,FIRST HORIZON BANK,dynamic_fe,2621254.0044295317,5026838.011409448,4581239.620930134,445598.3904793134,,unavailable: approved stress models cover CRE and CI only,0.6108822959961006,4288345.011409448,0.07785148517310331
485559,FIRST HORIZON BANK,quantile_0.9,2032276.1918311173,5992288.217476843,5335244.581716692,657043.6357601505,,unavailable: approved stress models cover CRE and CI only,0.7282078269190663,5253795.217476843,0.09280357478339714
606046,CADENCE BANK,dynamic_fe,1684.28116701722,1222508.2889728632,1032085.2629828865,190423.0259899768,,unavailable: approved stress models cover CRE and CI only,0.24219412901100737,727415.2889728632,0.032588345846050054
606046,CADENCE BANK,quantile_0.9,948393.9531796426,3180559.68470419,2829306.405881681,351253.2788225092,,unavailable: approved stress models cover CRE and CI only,0.6301085150528207,2685466.68470419,0.0847840296250497
682563,FROST BANK,dynamic_fe,760.5839612993329,514236.8294762722,379609.76131097623,134627.06816529602,,unavailable: approved stress models cover CRE and CI only,0.10969580674533372,232741.82947627222,0.023489915132943635
682563,FROST BANK,quantile_0.9,616990.5576438364,2003019.2498782515,1799322.4946290166,203696.75524923496,,unavailable: approved stress models cover CRE and CI only,0.4272794166952338,1721524.2498782515,0.0914962707692712
761806,WEBSTER BANK NATIONAL ASSN,dynamic_fe,193112.2874527652,2528061.951411592,2182435.637756729,345626.3136548629,,unavailable: approved stress models cover CRE and CI only,0.3607727928340965,1808650.9514115918,0.04465594096720405
761806,WEBSTER BANK NATIONAL ASSN,quantile_0.9,5014764.895049912,8915835.540560989,8372450.226454124,543385.3141068652,,unavailable: approved stress models cover CRE and CI only,1.272354455800278,8196424.540560989,0.1574902171010008
962966,SOFI BANK NATIONAL ASSN,dynamic_fe,0.0,14446.86448679948,14354.288754883126,92.57573191635643,,unavailable: approved stress models cover CRE and CI only,0.002495300560156701,0.0,0.00039263388566850265
962966,SOFI BANK NATIONAL ASSN,quantile_0.9,329.92128288872624,23504.77279820205,23059.331778438645,445.4410197634073,,unavailable: approved stress models cover CRE and CI only,0.004059806387974437,0.0,0.0006388078384722159
