variant,term,estimate,bank_clustered_se,ci95_low,ci95_high,nobs,banks,matrix_rank,matrix_columns,exposure_definition,exposure_timing,shock_definition,shock_information_set,shock_period_equals_target_period,interaction_sign_for_decline,max_exposure_as_of_date,exposure_after_forecast_origin_count
primary,lagged_nco_rate,0.17596317955578955,0.09430312093288139,-0.008870937472657964,0.3607972965842371,1682,33,6,6,cre_to_tier1,report_period_at_or_before_forecast_origin,contemporaneous target-quarter CRE year-over-year price growth,EX_POST_FINAL_VINTAGE_NOT_FORECAST_ORIGIN_INFORMATION,True,-0.17596317955578955,2025-03-31,0
primary,lagged_noncurrent_ratio,0.069950901934874,0.07364675282586357,-0.0743967336038186,0.21429853747356659,1682,33,6,6,cre_to_tier1,report_period_at_or_before_forecast_origin,contemporaneous target-quarter CRE year-over-year price growth,EX_POST_FINAL_VINTAGE_NOT_FORECAST_ORIGIN_INFORMATION,True,-0.069950901934874,2025-03-31,0
primary,lagged_allowance_coverage,-2.364930843264316e-05,2.2038182540463378e-05,-6.684414621195139e-05,1.954552934666506e-05,1682,33,6,6,cre_to_tier1,report_period_at_or_before_forecast_origin,contemporaneous target-quarter CRE year-over-year price growth,EX_POST_FINAL_VINTAGE_NOT_FORECAST_ORIGIN_INFORMATION,True,2.364930843264316e-05,2025-03-31,0
primary,lagged_loan_growth,-0.007822552580472998,0.005814772616626859,-0.019219506909061643,0.0035744017481156454,1682,33,6,6,cre_to_tier1,report_period_at_or_before_forecast_origin,contemporaneous target-quarter CRE year-over-year price growth,EX_POST_FINAL_VINTAGE_NOT_FORECAST_ORIGIN_INFORMATION,True,0.007822552580472998,2025-03-31,0
primary,lagged_exposure,0.00035486902133626143,0.00034689327478626045,-0.00032504179724480905,0.0010347798399173319,1682,33,6,6,cre_to_tier1,report_period_at_or_before_forecast_origin,contemporaneous target-quarter CRE year-over-year price growth,EX_POST_FINAL_VINTAGE_NOT_FORECAST_ORIGIN_INFORMATION,True,-0.00035486902133626143,2025-03-31,0
primary,exposure_x_cre_price_shock,-5.98632985048821e-06,1.3113601260922e-05,-3.168898832189533e-05,1.9716328620918908e-05,1682,33,6,6,cre_to_tier1,report_period_at_or_before_forecast_origin,contemporaneous target-quarter CRE year-over-year price growth,EX_POST_FINAL_VINTAGE_NOT_FORECAST_ORIGIN_INFORMATION,True,5.98632985048821e-06,2025-03-31,0
cre_share_alternative,lagged_nco_rate,0.17215780842947775,0.09452651800917285,-0.013114166868501032,0.35742978372745654,1682,33,6,6,cre_share,report_period_at_or_before_forecast_origin,contemporaneous target-quarter CRE year-over-year price growth,EX_POST_FINAL_VINTAGE_NOT_FORECAST_ORIGIN_INFORMATION,True,-0.17215780842947775,2025-03-31,0
cre_share_alternative,lagged_noncurrent_ratio,0.07064915033860984,0.07223692007915165,-0.0709352130165274,0.2122335136937471,1682,33,6,6,cre_share,report_period_at_or_before_forecast_origin,contemporaneous target-quarter CRE year-over-year price growth,EX_POST_FINAL_VINTAGE_NOT_FORECAST_ORIGIN_INFORMATION,True,-0.07064915033860984,2025-03-31,0
cre_share_alternative,lagged_allowance_coverage,-2.233263881631677e-05,2.236129300667721e-05,-6.616077310940411e-05,2.1495495476770564e-05,1682,33,6,6,cre_share,report_period_at_or_before_forecast_origin,contemporaneous target-quarter CRE year-over-year price growth,EX_POST_FINAL_VINTAGE_NOT_FORECAST_ORIGIN_INFORMATION,True,2.233263881631677e-05,2025-03-31,0
cre_share_alternative,lagged_loan_growth,-0.006045548682806543,0.006222935104252338,-0.018242501487141124,0.0061514041215280394,1682,33,6,6,cre_share,report_period_at_or_before_forecast_origin,contemporaneous target-quarter CRE year-over-year price growth,EX_POST_FINAL_VINTAGE_NOT_FORECAST_ORIGIN_INFORMATION,True,0.006045548682806543,2025-03-31,0
cre_share_alternative,lagged_exposure,0.006208280097856973,0.0027257263439102635,0.0008658564637928565,0.011550703731921089,1682,33,6,6,cre_share,report_period_at_or_before_forecast_origin,contemporaneous target-quarter CRE year-over-year price growth,EX_POST_FINAL_VINTAGE_NOT_FORECAST_ORIGIN_INFORMATION,True,-0.006208280097856973,2025-03-31,0
cre_share_alternative,exposure_x_cre_price_shock,-0.00012053519471721105,0.0001319993196671284,-0.0003792538612647827,0.0001381834718303606,1682,33,6,6,cre_share,report_period_at_or_before_forecast_origin,contemporaneous target-quarter CRE year-over-year price growth,EX_POST_FINAL_VINTAGE_NOT_FORECAST_ORIGIN_INFORMATION,True,0.00012053519471721105,2025-03-31,0
pre_2022_exposure_forward,lagged_nco_rate,0.015418886432578055,0.10260458080733931,-0.18568609194980698,0.21652386481496308,382,30,5,5,cre_to_tier1,report_period_at_or_before_forecast_origin,contemporaneous target-quarter CRE year-over-year price growth,EX_POST_FINAL_VINTAGE_NOT_FORECAST_ORIGIN_INFORMATION,True,-0.015418886432578055,2021-12-31,0
pre_2022_exposure_forward,lagged_noncurrent_ratio,-0.010573539807382607,0.050354113123429696,-0.10926760152930481,0.08812052191453959,382,30,5,5,cre_to_tier1,report_period_at_or_before_forecast_origin,contemporaneous target-quarter CRE year-over-year price growth,EX_POST_FINAL_VINTAGE_NOT_FORECAST_ORIGIN_INFORMATION,True,0.010573539807382607,2021-12-31,0
pre_2022_exposure_forward,lagged_allowance_coverage,-0.00013610587189566024,0.00021145315144208908,-0.0005505540487221548,0.0002783423049308343,382,30,5,5,cre_to_tier1,report_period_at_or_before_forecast_origin,contemporaneous target-quarter CRE year-over-year price growth,EX_POST_FINAL_VINTAGE_NOT_FORECAST_ORIGIN_INFORMATION,True,0.00013610587189566024,2021-12-31,0
pre_2022_exposure_forward,lagged_loan_growth,0.00837601580834967,0.014300811280670886,-0.019653574301765266,0.036405605918464604,382,30,5,5,cre_to_tier1,report_period_at_or_before_forecast_origin,contemporaneous target-quarter CRE year-over-year price growth,EX_POST_FINAL_VINTAGE_NOT_FORECAST_ORIGIN_INFORMATION,True,-0.00837601580834967,2021-12-31,0
pre_2022_exposure_forward,exposure_x_cre_price_shock,-5.062153056620398e-05,3.531897438312636e-05,-0.00011984672035713164,1.8603659224723676e-05,382,30,5,5,cre_to_tier1,report_period_at_or_before_forecast_origin,contemporaneous target-quarter CRE year-over-year price growth,EX_POST_FINAL_VINTAGE_NOT_FORECAST_ORIGIN_INFORMATION,True,5.062153056620398e-05,2021-12-31,0
