window,segment,model_family,baseline_family,tau,prediction_version,common_scoring_keys_verified,train_start,train_end,test_start,test_end,scored_n,pinball_loss,exceedance_count,empirical_exceedance_rate,nominal_exceedance_rate,zero_exceedance_is_automatic_success,empirical_coverage,nominal_coverage,model,metric,value
1,CRE,dynamic_quantile,ar_quantile,0.5,PRE_REARRANGEMENT,True,2005-01-01,2011-12-31,2012-01-01,2016-12-31,260,0.00085220089514456,78.0,0.3,0.5,False,,,r3_dynamic_quantile_q50,pinball_loss,0.00085220089514456
1,CRE,ar_quantile,ar_quantile,0.5,PRE_REARRANGEMENT,True,2005-01-01,2011-12-31,2012-01-01,2016-12-31,260,0.0007628136846469246,86.0,0.33076923076923076,0.5,False,,,r3_ar_quantile_q50,pinball_loss,0.0007628136846469246
1,CRE,dynamic_quantile,ar_quantile,0.5,POST_REARRANGEMENT,True,2005-01-01,2011-12-31,2012-01-01,2016-12-31,260,0.0008779105375772825,81.0,0.31153846153846154,0.5,False,,,quantile_0.5,pinball_loss,0.0008779105375772825
1,CRE,ar_quantile,ar_quantile,0.5,POST_REARRANGEMENT,True,2005-01-01,2011-12-31,2012-01-01,2016-12-31,260,0.0007876874058009657,87.0,0.3346153846153846,0.5,False,,,r3_ar_quantile_q50,pinball_loss,0.0007876874058009657
1,CRE,dynamic_quantile,ar_quantile,0.75,PRE_REARRANGEMENT,True,2005-01-01,2011-12-31,2012-01-01,2016-12-31,260,0.0009789347268379426,41.0,0.1576923076923077,0.25,False,,,r3_dynamic_quantile_q75,pinball_loss,0.0009789347268379426
1,CRE,ar_quantile,ar_quantile,0.75,PRE_REARRANGEMENT,True,2005-01-01,2011-12-31,2012-01-01,2016-12-31,260,0.0008661069332872401,39.0,0.15,0.25,False,,,r3_ar_quantile_q75,pinball_loss,0.0008661069332872401
1,CRE,dynamic_quantile,ar_quantile,0.75,POST_REARRANGEMENT,True,2005-01-01,2011-12-31,2012-01-01,2016-12-31,260,0.0009395756632654484,42.0,0.16153846153846155,0.25,False,,,quantile_0.75,pinball_loss,0.0009395756632654484
1,CRE,ar_quantile,ar_quantile,0.75,POST_REARRANGEMENT,True,2005-01-01,2011-12-31,2012-01-01,2016-12-31,260,0.0008626710006813367,39.0,0.15,0.25,False,,,r3_ar_quantile_q75,pinball_loss,0.0008626710006813367
1,CRE,dynamic_quantile,ar_quantile,0.9,PRE_REARRANGEMENT,True,2005-01-01,2011-12-31,2012-01-01,2016-12-31,260,0.0007647803146972405,22.0,0.08461538461538462,0.09999999999999998,False,,,r3_dynamic_quantile_q90,pinball_loss,0.0007647803146972405
1,CRE,ar_quantile,ar_quantile,0.9,PRE_REARRANGEMENT,True,2005-01-01,2011-12-31,2012-01-01,2016-12-31,260,0.000749490545582853,28.0,0.1076923076923077,0.09999999999999998,False,,,r3_ar_quantile_q90,pinball_loss,0.000749490545582853
1,CRE,dynamic_quantile,ar_quantile,0.9,POST_REARRANGEMENT,True,2005-01-01,2011-12-31,2012-01-01,2016-12-31,260,0.0007210005752695044,18.0,0.06923076923076923,0.09999999999999998,False,,,quantile_0.9,pinball_loss,0.0007210005752695044
1,CRE,ar_quantile,ar_quantile,0.9,POST_REARRANGEMENT,True,2005-01-01,2011-12-31,2012-01-01,2016-12-31,260,0.000701502898164219,27.0,0.10384615384615385,0.09999999999999998,False,,,r3_ar_quantile_q90,pinball_loss,0.000701502898164219
1,CRE,dynamic_quantile_q50_q90_band,,,POST_REARRANGEMENT,True,2005-01-01,2011-12-31,2012-01-01,2016-12-31,260,,,,,,0.2423076923076923,0.4,r3_dynamic_quantile_q50_q90_band,band_metrics,
1,CI,dynamic_quantile,ar_quantile,0.5,PRE_REARRANGEMENT,True,2005-01-01,2011-12-31,2012-01-01,2016-12-31,524,0.002470595664833555,124.0,0.2366412213740458,0.5,False,,,r3_dynamic_quantile_q50,pinball_loss,0.002470595664833555
1,CI,ar_quantile,ar_quantile,0.5,PRE_REARRANGEMENT,True,2005-01-01,2011-12-31,2012-01-01,2016-12-31,524,0.002022798521347711,157.0,0.29961832061068705,0.5,False,,,r3_ar_quantile_q50,pinball_loss,0.002022798521347711
1,CI,dynamic_quantile,ar_quantile,0.5,POST_REARRANGEMENT,True,2005-01-01,2011-12-31,2012-01-01,2016-12-31,524,0.0024785421126177687,124.0,0.2366412213740458,0.5,False,,,quantile_0.5,pinball_loss,0.0024785421126177687
1,CI,ar_quantile,ar_quantile,0.5,POST_REARRANGEMENT,True,2005-01-01,2011-12-31,2012-01-01,2016-12-31,524,0.0020335124498456663,157.0,0.29961832061068705,0.5,False,,,r3_ar_quantile_q50,pinball_loss,0.0020335124498456663
1,CI,dynamic_quantile,ar_quantile,0.75,PRE_REARRANGEMENT,True,2005-01-01,2011-12-31,2012-01-01,2016-12-31,524,0.0025108164430665183,35.0,0.06679389312977099,0.25,False,,,r3_dynamic_quantile_q75,pinball_loss,0.0025108164430665183
1,CI,ar_quantile,ar_quantile,0.75,PRE_REARRANGEMENT,True,2005-01-01,2011-12-31,2012-01-01,2016-12-31,524,0.0022995740790117216,61.0,0.11641221374045801,0.25,False,,,r3_ar_quantile_q75,pinball_loss,0.0022995740790117216
1,CI,dynamic_quantile,ar_quantile,0.75,POST_REARRANGEMENT,True,2005-01-01,2011-12-31,2012-01-01,2016-12-31,524,0.0025162371492209556,35.0,0.06679389312977099,0.25,False,,,quantile_0.75,pinball_loss,0.0025162371492209556
1,CI,ar_quantile,ar_quantile,0.75,POST_REARRANGEMENT,True,2005-01-01,2011-12-31,2012-01-01,2016-12-31,524,0.0022940754242966425,61.0,0.11641221374045801,0.25,False,,,r3_ar_quantile_q75,pinball_loss,0.0022940754242966425
1,CI,dynamic_quantile,ar_quantile,0.9,PRE_REARRANGEMENT,True,2005-01-01,2011-12-31,2012-01-01,2016-12-31,524,0.001931891348164851,12.0,0.022900763358778626,0.09999999999999998,False,,,r3_dynamic_quantile_q90,pinball_loss,0.001931891348164851
1,CI,ar_quantile,ar_quantile,0.9,PRE_REARRANGEMENT,True,2005-01-01,2011-12-31,2012-01-01,2016-12-31,524,0.0019640984562786287,17.0,0.03244274809160305,0.09999999999999998,False,,,r3_ar_quantile_q90,pinball_loss,0.0019640984562786287
1,CI,dynamic_quantile,ar_quantile,0.9,POST_REARRANGEMENT,True,2005-01-01,2011-12-31,2012-01-01,2016-12-31,524,0.001903285769119494,12.0,0.022900763358778626,0.09999999999999998,False,,,quantile_0.9,pinball_loss,0.001903285769119494
1,CI,ar_quantile,ar_quantile,0.9,POST_REARRANGEMENT,True,2005-01-01,2011-12-31,2012-01-01,2016-12-31,524,0.001940992378643065,17.0,0.03244274809160305,0.09999999999999998,False,,,r3_ar_quantile_q90,pinball_loss,0.001940992378643065
1,CI,dynamic_quantile_q50_q90_band,,,POST_REARRANGEMENT,True,2005-01-01,2011-12-31,2012-01-01,2016-12-31,524,,,,,,0.21374045801526717,0.4,r3_dynamic_quantile_q50_q90_band,band_metrics,
2,CRE,dynamic_quantile,ar_quantile,0.5,PRE_REARRANGEMENT,True,2005-01-01,2016-12-31,2017-01-01,2019-12-31,324,0.0005571745681157627,140.0,0.43209876543209874,0.5,False,,,r3_dynamic_quantile_q50,pinball_loss,0.0005571745681157627
2,CRE,ar_quantile,ar_quantile,0.5,PRE_REARRANGEMENT,True,2005-01-01,2016-12-31,2017-01-01,2019-12-31,324,0.0005573238603863389,135.0,0.4166666666666667,0.5,False,,,r3_ar_quantile_q50,pinball_loss,0.0005573238603863389
2,CRE,dynamic_quantile,ar_quantile,0.5,POST_REARRANGEMENT,True,2005-01-01,2016-12-31,2017-01-01,2019-12-31,324,0.0005591468608858954,141.0,0.4351851851851852,0.5,False,,,quantile_0.5,pinball_loss,0.0005591468608858954
2,CRE,ar_quantile,ar_quantile,0.5,POST_REARRANGEMENT,True,2005-01-01,2016-12-31,2017-01-01,2019-12-31,324,0.0005685168517508967,148.0,0.4567901234567901,0.5,False,,,r3_ar_quantile_q50,pinball_loss,0.0005685168517508967
2,CRE,dynamic_quantile,ar_quantile,0.75,PRE_REARRANGEMENT,True,2005-01-01,2016-12-31,2017-01-01,2019-12-31,324,0.0006332611670853871,38.0,0.11728395061728394,0.25,False,,,r3_dynamic_quantile_q75,pinball_loss,0.0006332611670853871
2,CRE,ar_quantile,ar_quantile,0.75,PRE_REARRANGEMENT,True,2005-01-01,2016-12-31,2017-01-01,2019-12-31,324,0.0006439245515445369,42.0,0.12962962962962962,0.25,False,,,r3_ar_quantile_q75,pinball_loss,0.0006439245515445369
2,CRE,dynamic_quantile,ar_quantile,0.75,POST_REARRANGEMENT,True,2005-01-01,2016-12-31,2017-01-01,2019-12-31,324,0.0006328357323120942,38.0,0.11728395061728394,0.25,False,,,quantile_0.75,pinball_loss,0.0006328357323120942
2,CRE,ar_quantile,ar_quantile,0.75,POST_REARRANGEMENT,True,2005-01-01,2016-12-31,2017-01-01,2019-12-31,324,0.0006428704384295397,42.0,0.12962962962962962,0.25,False,,,r3_ar_quantile_q75,pinball_loss,0.0006428704384295397
2,CRE,dynamic_quantile,ar_quantile,0.9,PRE_REARRANGEMENT,True,2005-01-01,2016-12-31,2017-01-01,2019-12-31,324,0.0005228145044064189,15.0,0.046296296296296294,0.09999999999999998,False,,,r3_dynamic_quantile_q90,pinball_loss,0.0005228145044064189
2,CRE,ar_quantile,ar_quantile,0.9,PRE_REARRANGEMENT,True,2005-01-01,2016-12-31,2017-01-01,2019-12-31,324,0.0005583186179463436,35.0,0.10802469135802469,0.09999999999999998,False,,,r3_ar_quantile_q90,pinball_loss,0.0005583186179463436
2,CRE,dynamic_quantile,ar_quantile,0.9,POST_REARRANGEMENT,True,2005-01-01,2016-12-31,2017-01-01,2019-12-31,324,0.0005165610484971801,14.0,0.043209876543209874,0.09999999999999998,False,,,quantile_0.9,pinball_loss,0.0005165610484971801
2,CRE,ar_quantile,ar_quantile,0.9,POST_REARRANGEMENT,True,2005-01-01,2016-12-31,2017-01-01,2019-12-31,324,0.0005366537142955427,22.0,0.06790123456790123,0.09999999999999998,False,,,r3_ar_quantile_q90,pinball_loss,0.0005366537142955427
2,CRE,dynamic_quantile_q50_q90_band,,,POST_REARRANGEMENT,True,2005-01-01,2016-12-31,2017-01-01,2019-12-31,324,,,,,,0.39197530864197533,0.4,r3_dynamic_quantile_q50_q90_band,band_metrics,
2,CI,dynamic_quantile,ar_quantile,0.5,PRE_REARRANGEMENT,True,2005-01-01,2016-12-31,2017-01-01,2019-12-31,312,0.001619852177716265,236.0,0.7564102564102564,0.5,False,,,r3_dynamic_quantile_q50,pinball_loss,0.001619852177716265
2,CI,ar_quantile,ar_quantile,0.5,PRE_REARRANGEMENT,True,2005-01-01,2016-12-31,2017-01-01,2019-12-31,312,0.0014267325846399142,144.0,0.46153846153846156,0.5,False,,,r3_ar_quantile_q50,pinball_loss,0.0014267325846399142
2,CI,dynamic_quantile,ar_quantile,0.5,POST_REARRANGEMENT,True,2005-01-01,2016-12-31,2017-01-01,2019-12-31,312,0.001689723272206251,236.0,0.7564102564102564,0.5,False,,,quantile_0.5,pinball_loss,0.001689723272206251
2,CI,ar_quantile,ar_quantile,0.5,POST_REARRANGEMENT,True,2005-01-01,2016-12-31,2017-01-01,2019-12-31,312,0.0014267487311321856,144.0,0.46153846153846156,0.5,False,,,r3_ar_quantile_q50,pinball_loss,0.0014267487311321856
2,CI,dynamic_quantile,ar_quantile,0.75,PRE_REARRANGEMENT,True,2005-01-01,2016-12-31,2017-01-01,2019-12-31,312,0.001786024001827114,166.0,0.532051282051282,0.25,False,,,r3_dynamic_quantile_q75,pinball_loss,0.001786024001827114
2,CI,ar_quantile,ar_quantile,0.75,PRE_REARRANGEMENT,True,2005-01-01,2016-12-31,2017-01-01,2019-12-31,312,0.0013608077901788103,51.0,0.16346153846153846,0.25,False,,,r3_ar_quantile_q75,pinball_loss,0.0013608077901788103
2,CI,dynamic_quantile,ar_quantile,0.75,POST_REARRANGEMENT,True,2005-01-01,2016-12-31,2017-01-01,2019-12-31,312,0.001724350625695215,173.0,0.5544871794871795,0.25,False,,,quantile_0.75,pinball_loss,0.001724350625695215
2,CI,ar_quantile,ar_quantile,0.75,POST_REARRANGEMENT,True,2005-01-01,2016-12-31,2017-01-01,2019-12-31,312,0.001360783570440403,51.0,0.16346153846153846,0.25,False,,,r3_ar_quantile_q75,pinball_loss,0.001360783570440403
2,CI,dynamic_quantile,ar_quantile,0.9,PRE_REARRANGEMENT,True,2005-01-01,2016-12-31,2017-01-01,2019-12-31,312,0.0012582475320015456,86.0,0.27564102564102566,0.09999999999999998,False,,,r3_dynamic_quantile_q90,pinball_loss,0.0012582475320015456
2,CI,ar_quantile,ar_quantile,0.9,PRE_REARRANGEMENT,True,2005-01-01,2016-12-31,2017-01-01,2019-12-31,312,0.0011229145596669977,11.0,0.035256410256410256,0.09999999999999998,False,,,r3_ar_quantile_q90,pinball_loss,0.0011229145596669977
2,CI,dynamic_quantile,ar_quantile,0.9,POST_REARRANGEMENT,True,2005-01-01,2016-12-31,2017-01-01,2019-12-31,312,0.001199820375023044,79.0,0.2532051282051282,0.09999999999999998,False,,,quantile_0.9,pinball_loss,0.001199820375023044
2,CI,ar_quantile,ar_quantile,0.9,POST_REARRANGEMENT,True,2005-01-01,2016-12-31,2017-01-01,2019-12-31,312,0.0011229145596669977,11.0,0.035256410256410256,0.09999999999999998,False,,,r3_ar_quantile_q90,pinball_loss,0.0011229145596669977
2,CI,dynamic_quantile_q50_q90_band,,,POST_REARRANGEMENT,True,2005-01-01,2016-12-31,2017-01-01,2019-12-31,312,,,,,,0.5032051282051282,0.4,r3_dynamic_quantile_q50_q90_band,band_metrics,
3,CRE,dynamic_quantile,ar_quantile,0.5,PRE_REARRANGEMENT,True,2005-01-01,2019-12-31,2020-01-01,2021-12-31,237,0.0006130866565533256,115.0,0.48523206751054854,0.5,False,,,r3_dynamic_quantile_q50,pinball_loss,0.0006130866565533256
3,CRE,ar_quantile,ar_quantile,0.5,PRE_REARRANGEMENT,True,2005-01-01,2019-12-31,2020-01-01,2021-12-31,237,0.0006085210692171867,113.0,0.4767932489451477,0.5,False,,,r3_ar_quantile_q50,pinball_loss,0.0006085210692171867
3,CRE,dynamic_quantile,ar_quantile,0.5,POST_REARRANGEMENT,True,2005-01-01,2019-12-31,2020-01-01,2021-12-31,237,0.0006170587657749848,120.0,0.5063291139240507,0.5,False,,,quantile_0.5,pinball_loss,0.0006170587657749848
3,CRE,ar_quantile,ar_quantile,0.5,POST_REARRANGEMENT,True,2005-01-01,2019-12-31,2020-01-01,2021-12-31,237,0.0006087904291246459,114.0,0.4810126582278481,0.5,False,,,r3_ar_quantile_q50,pinball_loss,0.0006087904291246459
3,CRE,dynamic_quantile,ar_quantile,0.75,PRE_REARRANGEMENT,True,2005-01-01,2019-12-31,2020-01-01,2021-12-31,237,0.000656777256858367,54.0,0.22784810126582278,0.25,False,,,r3_dynamic_quantile_q75,pinball_loss,0.000656777256858367
3,CRE,ar_quantile,ar_quantile,0.75,PRE_REARRANGEMENT,True,2005-01-01,2019-12-31,2020-01-01,2021-12-31,237,0.0006621888646652617,51.0,0.21518987341772153,0.25,False,,,r3_ar_quantile_q75,pinball_loss,0.0006621888646652617
3,CRE,dynamic_quantile,ar_quantile,0.75,POST_REARRANGEMENT,True,2005-01-01,2019-12-31,2020-01-01,2021-12-31,237,0.0006554224874989761,53.0,0.22362869198312235,0.25,False,,,quantile_0.75,pinball_loss,0.0006554224874989761
3,CRE,ar_quantile,ar_quantile,0.75,POST_REARRANGEMENT,True,2005-01-01,2019-12-31,2020-01-01,2021-12-31,237,0.0006620838437883834,51.0,0.21518987341772153,0.25,False,,,r3_ar_quantile_q75,pinball_loss,0.0006620838437883834
3,CRE,dynamic_quantile,ar_quantile,0.9,PRE_REARRANGEMENT,True,2005-01-01,2019-12-31,2020-01-01,2021-12-31,237,0.00047446251886765,29.0,0.12236286919831224,0.09999999999999998,False,,,r3_dynamic_quantile_q90,pinball_loss,0.00047446251886765
3,CRE,ar_quantile,ar_quantile,0.9,PRE_REARRANGEMENT,True,2005-01-01,2019-12-31,2020-01-01,2021-12-31,237,0.0005129915293065347,26.0,0.10970464135021098,0.09999999999999998,False,,,r3_ar_quantile_q90,pinball_loss,0.0005129915293065347
3,CRE,dynamic_quantile,ar_quantile,0.9,POST_REARRANGEMENT,True,2005-01-01,2019-12-31,2020-01-01,2021-12-31,237,0.0004641093847857606,25.0,0.10548523206751055,0.09999999999999998,False,,,quantile_0.9,pinball_loss,0.0004641093847857606
3,CRE,ar_quantile,ar_quantile,0.9,POST_REARRANGEMENT,True,2005-01-01,2019-12-31,2020-01-01,2021-12-31,237,0.0005097309211173494,25.0,0.10548523206751055,0.09999999999999998,False,,,r3_ar_quantile_q90,pinball_loss,0.0005097309211173494
3,CRE,dynamic_quantile_q50_q90_band,,,POST_REARRANGEMENT,True,2005-01-01,2019-12-31,2020-01-01,2021-12-31,237,,,,,,0.4008438818565401,0.4,r3_dynamic_quantile_q50_q90_band,band_metrics,
3,CI,dynamic_quantile,ar_quantile,0.5,PRE_REARRANGEMENT,True,2005-01-01,2019-12-31,2020-01-01,2021-12-31,231,0.0014437852760292966,135.0,0.5844155844155844,0.5,False,,,r3_dynamic_quantile_q50,pinball_loss,0.0014437852760292966
3,CI,ar_quantile,ar_quantile,0.5,PRE_REARRANGEMENT,True,2005-01-01,2019-12-31,2020-01-01,2021-12-31,231,0.0014310042873563434,106.0,0.4588744588744589,0.5,False,,,r3_ar_quantile_q50,pinball_loss,0.0014310042873563434
3,CI,dynamic_quantile,ar_quantile,0.5,POST_REARRANGEMENT,True,2005-01-01,2019-12-31,2020-01-01,2021-12-31,231,0.0014559965500450306,136.0,0.5887445887445888,0.5,False,,,quantile_0.5,pinball_loss,0.0014559965500450306
3,CI,ar_quantile,ar_quantile,0.5,POST_REARRANGEMENT,True,2005-01-01,2019-12-31,2020-01-01,2021-12-31,231,0.0014310042873563434,106.0,0.4588744588744589,0.5,False,,,r3_ar_quantile_q50,pinball_loss,0.0014310042873563434
3,CI,dynamic_quantile,ar_quantile,0.75,PRE_REARRANGEMENT,True,2005-01-01,2019-12-31,2020-01-01,2021-12-31,231,0.0014086501986894466,86.0,0.3722943722943723,0.25,False,,,r3_dynamic_quantile_q75,pinball_loss,0.0014086501986894466
3,CI,ar_quantile,ar_quantile,0.75,PRE_REARRANGEMENT,True,2005-01-01,2019-12-31,2020-01-01,2021-12-31,231,0.0013536159632613785,47.0,0.20346320346320346,0.25,False,,,r3_ar_quantile_q75,pinball_loss,0.0013536159632613785
3,CI,dynamic_quantile,ar_quantile,0.75,POST_REARRANGEMENT,True,2005-01-01,2019-12-31,2020-01-01,2021-12-31,231,0.0014335492693876098,92.0,0.39826839826839827,0.25,False,,,quantile_0.75,pinball_loss,0.0014335492693876098
3,CI,ar_quantile,ar_quantile,0.75,POST_REARRANGEMENT,True,2005-01-01,2019-12-31,2020-01-01,2021-12-31,231,0.0013536159632613785,47.0,0.20346320346320346,0.25,False,,,r3_ar_quantile_q75,pinball_loss,0.0013536159632613785
3,CI,dynamic_quantile,ar_quantile,0.9,PRE_REARRANGEMENT,True,2005-01-01,2019-12-31,2020-01-01,2021-12-31,231,0.0010864005728577074,49.0,0.21212121212121213,0.09999999999999998,False,,,r3_dynamic_quantile_q90,pinball_loss,0.0010864005728577074
3,CI,ar_quantile,ar_quantile,0.9,PRE_REARRANGEMENT,True,2005-01-01,2019-12-31,2020-01-01,2021-12-31,231,0.0010336572250022604,12.0,0.05194805194805195,0.09999999999999998,False,,,r3_ar_quantile_q90,pinball_loss,0.0010336572250022604
3,CI,dynamic_quantile,ar_quantile,0.9,POST_REARRANGEMENT,True,2005-01-01,2019-12-31,2020-01-01,2021-12-31,231,0.0009624057894595719,42.0,0.18181818181818182,0.09999999999999998,False,,,quantile_0.9,pinball_loss,0.0009624057894595719
3,CI,ar_quantile,ar_quantile,0.9,POST_REARRANGEMENT,True,2005-01-01,2019-12-31,2020-01-01,2021-12-31,231,0.0010336572250022604,12.0,0.05194805194805195,0.09999999999999998,False,,,r3_ar_quantile_q90,pinball_loss,0.0010336572250022604
3,CI,dynamic_quantile_q50_q90_band,,,POST_REARRANGEMENT,True,2005-01-01,2019-12-31,2020-01-01,2021-12-31,231,,,,,,0.4069264069264069,0.4,r3_dynamic_quantile_q50_q90_band,band_metrics,
4,CRE,dynamic_quantile,ar_quantile,0.5,PRE_REARRANGEMENT,True,2005-01-01,2021-12-31,2022-01-01,2025-12-31,443,0.000767378160689135,250.0,0.5643340857787811,0.5,False,,,r3_dynamic_quantile_q50,pinball_loss,0.000767378160689135
4,CRE,ar_quantile,ar_quantile,0.5,PRE_REARRANGEMENT,True,2005-01-01,2021-12-31,2022-01-01,2025-12-31,443,0.0007688466076941212,236.0,0.5327313769751693,0.5,False,,,r3_ar_quantile_q50,pinball_loss,0.0007688466076941212
4,CRE,dynamic_quantile,ar_quantile,0.5,POST_REARRANGEMENT,True,2005-01-01,2021-12-31,2022-01-01,2025-12-31,443,0.0007785983840210328,258.0,0.582392776523702,0.5,False,,,quantile_0.5,pinball_loss,0.0007785983840210328
4,CRE,ar_quantile,ar_quantile,0.5,POST_REARRANGEMENT,True,2005-01-01,2021-12-31,2022-01-01,2025-12-31,443,0.0007690542216103928,236.0,0.5327313769751693,0.5,False,,,r3_ar_quantile_q50,pinball_loss,0.0007690542216103928
4,CRE,dynamic_quantile,ar_quantile,0.75,PRE_REARRANGEMENT,True,2005-01-01,2021-12-31,2022-01-01,2025-12-31,443,0.0008418353995108472,159.0,0.35891647855530473,0.25,False,,,r3_dynamic_quantile_q75,pinball_loss,0.0008418353995108472
4,CRE,ar_quantile,ar_quantile,0.75,PRE_REARRANGEMENT,True,2005-01-01,2021-12-31,2022-01-01,2025-12-31,443,0.0008431371306208881,123.0,0.27765237020316025,0.25,False,,,r3_ar_quantile_q75,pinball_loss,0.0008431371306208881
4,CRE,dynamic_quantile,ar_quantile,0.75,POST_REARRANGEMENT,True,2005-01-01,2021-12-31,2022-01-01,2025-12-31,443,0.0008343537844154782,164.0,0.37020316027088035,0.25,False,,,quantile_0.75,pinball_loss,0.0008343537844154782
4,CRE,ar_quantile,ar_quantile,0.75,POST_REARRANGEMENT,True,2005-01-01,2021-12-31,2022-01-01,2025-12-31,443,0.0008428760149972118,123.0,0.27765237020316025,0.25,False,,,r3_ar_quantile_q75,pinball_loss,0.0008428760149972118
4,CRE,dynamic_quantile,ar_quantile,0.9,PRE_REARRANGEMENT,True,2005-01-01,2021-12-31,2022-01-01,2025-12-31,443,0.0006361316356969304,65.0,0.14672686230248308,0.09999999999999998,False,,,r3_dynamic_quantile_q90,pinball_loss,0.0006361316356969304
4,CRE,ar_quantile,ar_quantile,0.9,PRE_REARRANGEMENT,True,2005-01-01,2021-12-31,2022-01-01,2025-12-31,443,0.0006844256284988166,43.0,0.09706546275395034,0.09999999999999998,False,,,r3_ar_quantile_q90,pinball_loss,0.0006844256284988166
4,CRE,dynamic_quantile,ar_quantile,0.9,POST_REARRANGEMENT,True,2005-01-01,2021-12-31,2022-01-01,2025-12-31,443,0.0006170955175457764,52.0,0.11738148984198646,0.09999999999999998,False,,,quantile_0.9,pinball_loss,0.0006170955175457764
4,CRE,ar_quantile,ar_quantile,0.9,POST_REARRANGEMENT,True,2005-01-01,2021-12-31,2022-01-01,2025-12-31,443,0.0006842229556305511,43.0,0.09706546275395034,0.09999999999999998,False,,,r3_ar_quantile_q90,pinball_loss,0.0006842229556305511
4,CRE,dynamic_quantile_q50_q90_band,,,POST_REARRANGEMENT,True,2005-01-01,2021-12-31,2022-01-01,2025-12-31,443,,,,,,0.4650112866817156,0.4,r3_dynamic_quantile_q50_q90_band,band_metrics,
4,CI,dynamic_quantile,ar_quantile,0.5,PRE_REARRANGEMENT,True,2005-01-01,2021-12-31,2022-01-01,2025-12-31,458,0.0014576368575313938,216.0,0.47161572052401746,0.5,False,,,r3_dynamic_quantile_q50,pinball_loss,0.0014576368575313938
4,CI,ar_quantile,ar_quantile,0.5,PRE_REARRANGEMENT,True,2005-01-01,2021-12-31,2022-01-01,2025-12-31,458,0.0014352281958618378,217.0,0.4737991266375546,0.5,False,,,r3_ar_quantile_q50,pinball_loss,0.0014352281958618378
4,CI,dynamic_quantile,ar_quantile,0.5,POST_REARRANGEMENT,True,2005-01-01,2021-12-31,2022-01-01,2025-12-31,458,0.0014672773479681763,223.0,0.4868995633187773,0.5,False,,,quantile_0.5,pinball_loss,0.0014672773479681763
4,CI,ar_quantile,ar_quantile,0.5,POST_REARRANGEMENT,True,2005-01-01,2021-12-31,2022-01-01,2025-12-31,458,0.0014352281958618378,217.0,0.4737991266375546,0.5,False,,,r3_ar_quantile_q50,pinball_loss,0.0014352281958618378
4,CI,dynamic_quantile,ar_quantile,0.75,PRE_REARRANGEMENT,True,2005-01-01,2021-12-31,2022-01-01,2025-12-31,458,0.001431088213873478,121.0,0.26419213973799127,0.25,False,,,r3_dynamic_quantile_q75,pinball_loss,0.001431088213873478
4,CI,ar_quantile,ar_quantile,0.75,PRE_REARRANGEMENT,True,2005-01-01,2021-12-31,2022-01-01,2025-12-31,458,0.0014176296498025914,108.0,0.23580786026200873,0.25,False,,,r3_ar_quantile_q75,pinball_loss,0.0014176296498025914
4,CI,dynamic_quantile,ar_quantile,0.75,POST_REARRANGEMENT,True,2005-01-01,2021-12-31,2022-01-01,2025-12-31,458,0.0014263440312013468,119.0,0.259825327510917,0.25,False,,,quantile_0.75,pinball_loss,0.0014263440312013468
4,CI,ar_quantile,ar_quantile,0.75,POST_REARRANGEMENT,True,2005-01-01,2021-12-31,2022-01-01,2025-12-31,458,0.0014176296498025914,108.0,0.23580786026200873,0.25,False,,,r3_ar_quantile_q75,pinball_loss,0.0014176296498025914
4,CI,dynamic_quantile,ar_quantile,0.9,PRE_REARRANGEMENT,True,2005-01-01,2021-12-31,2022-01-01,2025-12-31,458,0.0010555217644800927,47.0,0.10262008733624454,0.09999999999999998,False,,,r3_dynamic_quantile_q90,pinball_loss,0.0010555217644800927
4,CI,ar_quantile,ar_quantile,0.9,PRE_REARRANGEMENT,True,2005-01-01,2021-12-31,2022-01-01,2025-12-31,458,0.0011328297572639544,35.0,0.07641921397379912,0.09999999999999998,False,,,r3_ar_quantile_q90,pinball_loss,0.0011328297572639544
4,CI,dynamic_quantile,ar_quantile,0.9,POST_REARRANGEMENT,True,2005-01-01,2021-12-31,2022-01-01,2025-12-31,458,0.0010398321248821123,42.0,0.09170305676855896,0.09999999999999998,False,,,quantile_0.9,pinball_loss,0.0010398321248821123
4,CI,ar_quantile,ar_quantile,0.9,POST_REARRANGEMENT,True,2005-01-01,2021-12-31,2022-01-01,2025-12-31,458,0.0011328297572639544,35.0,0.07641921397379912,0.09999999999999998,False,,,r3_ar_quantile_q90,pinball_loss,0.0011328297572639544
4,CI,dynamic_quantile_q50_q90_band,,,POST_REARRANGEMENT,True,2005-01-01,2021-12-31,2022-01-01,2025-12-31,458,,,,,,0.3951965065502183,0.4,r3_dynamic_quantile_q50_q90_band,band_metrics,
0,CI,ar_quantile,ar_quantile,0.5,POST_REARRANGEMENT,True,2005-01-01,EXPANDING,2012-01-01,2025-12-31,1525,0.0016384279553550217,624.0,0.40918032786885244,0.5,False,,,r3_ar_quantile_q50,pinball_loss,0.0016384279553550217
0,CI,ar_quantile,ar_quantile,0.5,PRE_REARRANGEMENT,True,2005-01-01,EXPANDING,2012-01-01,2025-12-31,1525,0.0016347432758543547,624.0,0.40918032786885244,0.5,False,,,r3_ar_quantile_q50,pinball_loss,0.0016347432758543547
0,CI,ar_quantile,ar_quantile,0.75,POST_REARRANGEMENT,True,2005-01-01,EXPANDING,2012-01-01,2025-12-31,1525,0.0016974555170044664,267.0,0.17508196721311475,0.25,False,,,r3_ar_quantile_q75,pinball_loss,0.0016974555170044664
0,CI,ar_quantile,ar_quantile,0.75,PRE_REARRANGEMENT,True,2005-01-01,EXPANDING,2012-01-01,2025-12-31,1525,0.0016993498459415713,267.0,0.17508196721311475,0.25,False,,,r3_ar_quantile_q75,pinball_loss,0.0016993498459415713
0,CI,ar_quantile,ar_quantile,0.9,POST_REARRANGEMENT,True,2005-01-01,EXPANDING,2012-01-01,2025-12-31,1525,0.001393468981526218,75.0,0.04918032786885246,0.09999999999999998,False,,,r3_ar_quantile_q90,pinball_loss,0.001393468981526218
0,CI,ar_quantile,ar_quantile,0.9,PRE_REARRANGEMENT,True,2005-01-01,EXPANDING,2012-01-01,2025-12-31,1525,0.001401408381317061,75.0,0.04918032786885246,0.09999999999999998,False,,,r3_ar_quantile_q90,pinball_loss,0.001401408381317061
0,CI,dynamic_quantile,ar_quantile,0.5,POST_REARRANGEMENT,True,2005-01-01,EXPANDING,2012-01-01,2025-12-31,1525,0.001858556036963861,719.0,0.47147540983606556,0.5,False,,,r3_dynamic_quantile_q50,pinball_loss,0.001858556036963861
0,CI,dynamic_quantile,ar_quantile,0.5,PRE_REARRANGEMENT,True,2005-01-01,EXPANDING,2012-01-01,2025-12-31,1525,0.0018367856310376417,711.0,0.4662295081967213,0.5,False,,,r3_dynamic_quantile_q50,pinball_loss,0.0018367856310376417
0,CI,dynamic_quantile,ar_quantile,0.75,POST_REARRANGEMENT,True,2005-01-01,EXPANDING,2012-01-01,2025-12-31,1525,0.001862899087821274,419.0,0.27475409836065573,0.25,False,,,r3_dynamic_quantile_q75,pinball_loss,0.001862899087821274
0,CI,dynamic_quantile,ar_quantile,0.75,PRE_REARRANGEMENT,True,2005-01-01,EXPANDING,2012-01-01,2025-12-31,1525,0.0018713074771070362,408.0,0.26754098360655737,0.25,False,,,r3_dynamic_quantile_q75,pinball_loss,0.0018713074771070362
0,CI,dynamic_quantile,ar_quantile,0.9,POST_REARRANGEMENT,True,2005-01-01,EXPANDING,2012-01-01,2025-12-31,1525,0.0013575242954668675,175.0,0.11475409836065574,0.09999999999999998,False,,,r3_dynamic_quantile_q90,pinball_loss,0.0013575242954668675
0,CI,dynamic_quantile,ar_quantile,0.9,PRE_REARRANGEMENT,True,2005-01-01,EXPANDING,2012-01-01,2025-12-31,1525,0.0014028011782851652,194.0,0.12721311475409836,0.09999999999999998,False,,,r3_dynamic_quantile_q90,pinball_loss,0.0014028011782851652
0,CRE,ar_quantile,ar_quantile,0.5,POST_REARRANGEMENT,True,2005-01-01,EXPANDING,2012-01-01,2025-12-31,1264,0.0006914339694236444,585.0,0.46281645569620256,0.5,False,,,r3_ar_quantile_q50,pinball_loss,0.0006914339694236444
0,CRE,ar_quantile,ar_quantile,0.5,PRE_REARRANGEMENT,True,2005-01-01,EXPANDING,2012-01-01,2025-12-31,1264,0.0006833251814765373,570.0,0.4509493670886076,0.5,False,,,r3_ar_quantile_q50,pinball_loss,0.0006833251814765373
0,CRE,ar_quantile,ar_quantile,0.75,POST_REARRANGEMENT,True,2005-01-01,EXPANDING,2012-01-01,2025-12-31,1264,0.0007617819840584889,255.0,0.20174050632911392,0.25,False,,,r3_ar_quantile_q75,pinball_loss,0.0007617819840584889
0,CRE,ar_quantile,ar_quantile,0.75,PRE_REARRANGEMENT,True,2005-01-01,EXPANDING,2012-01-01,2025-12-31,1264,0.0007628701480584121,255.0,0.20174050632911392,0.25,False,,,r3_ar_quantile_q75,pinball_loss,0.0007628701480584121
0,CRE,ar_quantile,ar_quantile,0.9,POST_REARRANGEMENT,True,2005-01-01,EXPANDING,2012-01-01,2025-12-31,1264,0.0006172338248446192,117.0,0.0925632911392405,0.09999999999999998,False,,,r3_ar_quantile_q90,pinball_loss,0.0006172338248446192
0,CRE,ar_quantile,ar_quantile,0.9,PRE_REARRANGEMENT,True,2005-01-01,EXPANDING,2012-01-01,2025-12-31,1264,0.0006333404429879601,132.0,0.10443037974683544,0.09999999999999998,False,,,r3_ar_quantile_q90,pinball_loss,0.0006333404429879601
0,CRE,dynamic_quantile,ar_quantile,0.5,POST_REARRANGEMENT,True,2005-01-01,EXPANDING,2012-01-01,2025-12-31,1264,0.0007124860239771459,600.0,0.47468354430379744,0.5,False,,,r3_dynamic_quantile_q50,pinball_loss,0.0007124860239771459
0,CRE,dynamic_quantile,ar_quantile,0.5,PRE_REARRANGEMENT,True,2005-01-01,EXPANDING,2012-01-01,2025-12-31,1264,0.0007020149174015172,583.0,0.4612341772151899,0.5,False,,,r3_dynamic_quantile_q50,pinball_loss,0.0007020149174015172
0,CRE,dynamic_quantile,ar_quantile,0.75,POST_REARRANGEMENT,True,2005-01-01,EXPANDING,2012-01-01,2025-12-31,1264,0.0007707929634109568,297.0,0.23496835443037975,0.25,False,,,r3_dynamic_quantile_q75,pinball_loss,0.0007707929634109568
0,CRE,dynamic_quantile,ar_quantile,0.75,PRE_REARRANGEMENT,True,2005-01-01,EXPANDING,2012-01-01,2025-12-31,1264,0.0007818741605793264,292.0,0.2310126582278481,0.25,False,,,r3_dynamic_quantile_q75,pinball_loss,0.0007818741605793264
0,CRE,dynamic_quantile,ar_quantile,0.9,POST_REARRANGEMENT,True,2005-01-01,EXPANDING,2012-01-01,2025-12-31,1264,0.0005840135820808242,109.0,0.08623417721518987,0.09999999999999998,False,,,r3_dynamic_quantile_q90,pinball_loss,0.0005840135820808242
0,CRE,dynamic_quantile,ar_quantile,0.9,PRE_REARRANGEMENT,True,2005-01-01,EXPANDING,2012-01-01,2025-12-31,1264,0.0006032347411664046,131.0,0.10363924050632911,0.09999999999999998,False,,,r3_dynamic_quantile_q90,pinball_loss,0.0006032347411664046
