report_period,file_name,expected_sha256,actual_sha256,hash_match,size_bytes
2005-03-31,FFIEC CDR Call Bulk All Schedules 03312005.zip,ca539a99d71fb9a65c70e5907858d11028f0159de2f4f5d26d64f8c8dd3306ab,ca539a99d71fb9a65c70e5907858d11028f0159de2f4f5d26d64f8c8dd3306ab,True,7968615
2005-06-30,FFIEC CDR Call Bulk All Schedules 06302005.zip,4b4302fce862534c0c977a34bad3d7127934dbdccf3abb6aaa28eb62909743fb,4b4302fce862534c0c977a34bad3d7127934dbdccf3abb6aaa28eb62909743fb,True,8289085
2005-09-30,FFIEC CDR Call Bulk All Schedules 09302005.zip,3f93385601d074b89db14bb51419b3101e9c5fb9573e13d2c8b90490f712b10e,3f93385601d074b89db14bb51419b3101e9c5fb9573e13d2c8b90490f712b10e,True,8197214
2005-12-31,FFIEC CDR Call Bulk All Schedules 12312005.zip,3ab8841403fc546d1f2658fac2bb73d8428433cff4f4b78fd78ff14027253b33,3ab8841403fc546d1f2658fac2bb73d8428433cff4f4b78fd78ff14027253b33,True,8443903
2006-03-31,FFIEC CDR Call Bulk All Schedules 03312006.zip,5426fbba27db000c7e5a9af8c6c673eeb4c18557c34742c52130b41af5c6cc96,5426fbba27db000c7e5a9af8c6c673eeb4c18557c34742c52130b41af5c6cc96,True,8044988
2006-06-30,FFIEC CDR Call Bulk All Schedules 06302006.zip,5f9d12b62b419111930326393f5e6889ce9d184faa3133b1370774d75ea9e46b,5f9d12b62b419111930326393f5e6889ce9d184faa3133b1370774d75ea9e46b,True,8446083
2006-09-30,FFIEC CDR Call Bulk All Schedules 09302006.zip,52bd990d96bd9ecffd9df0ccf829f13510f84f9d49753bec2819b20a7af25c55,52bd990d96bd9ecffd9df0ccf829f13510f84f9d49753bec2819b20a7af25c55,True,8269568
2006-12-31,FFIEC CDR Call Bulk All Schedules 12312006.zip,e583a7a3cc673aab39ddbe5d3bc329f7925e58afa3666c23e8b4292dd7428ffd,e583a7a3cc673aab39ddbe5d3bc329f7925e58afa3666c23e8b4292dd7428ffd,True,8344968
2007-03-31,FFIEC CDR Call Bulk All Schedules 03312007.zip,258a9474d0e45ba0ef3f0237c9cb6e3e37b48c955d796a04520ceef34e78ef27,258a9474d0e45ba0ef3f0237c9cb6e3e37b48c955d796a04520ceef34e78ef27,True,8210891
2007-06-30,FFIEC CDR Call Bulk All Schedules 06302007.zip,1ac5013bfbb71282731f6d4a55dbb1d13e6aa9072987da9777d59880150e926a,1ac5013bfbb71282731f6d4a55dbb1d13e6aa9072987da9777d59880150e926a,True,8575145
2007-09-30,FFIEC CDR Call Bulk All Schedules 09302007.zip,bd41a07e3ab802fa1dfd9f55cb465316f44634efab204cb999cc395bda4a2a37,bd41a07e3ab802fa1dfd9f55cb465316f44634efab204cb999cc395bda4a2a37,True,8318471
2007-12-31,FFIEC CDR Call Bulk All Schedules 12312007.zip,e2803df6e6dde0887474fbc3598235c2f5d3c489652511d39b796ed14b831965,e2803df6e6dde0887474fbc3598235c2f5d3c489652511d39b796ed14b831965,True,8479624
2008-03-31,FFIEC CDR Call Bulk All Schedules 03312008.zip,b6ab096041937ef271f94dc211b68924f1036236f22b07dce353525dc7e3183b,b6ab096041937ef271f94dc211b68924f1036236f22b07dce353525dc7e3183b,True,8107251
2008-06-30,FFIEC CDR Call Bulk All Schedules 06302008.zip,843f5e685ee49d8cbd17a83b562b84b62085f6c53b5850169722115f88fef9e5,843f5e685ee49d8cbd17a83b562b84b62085f6c53b5850169722115f88fef9e5,True,8624774
2008-09-30,FFIEC CDR Call Bulk All Schedules 09302008.zip,0ae0098cf33ba9696348e0faca34d9d088a09dce6d328cbe6db34aff68fed8a3,0ae0098cf33ba9696348e0faca34d9d088a09dce6d328cbe6db34aff68fed8a3,True,8441049
2008-12-31,FFIEC CDR Call Bulk All Schedules 12312008.zip,1c1e5c5578f3a7950604df2fd2d166b0849f8eca146b419919f0ef639a6eda9d,1c1e5c5578f3a7950604df2fd2d166b0849f8eca146b419919f0ef639a6eda9d,True,8620922
2009-03-31,FFIEC CDR Call Bulk All Schedules 03312009.zip,afc67290e7b8f7ee4dcbd02d7422822edaf4473f9bd729f59016daf9e4996261,afc67290e7b8f7ee4dcbd02d7422822edaf4473f9bd729f59016daf9e4996261,True,8223296
2009-06-30,FFIEC CDR Call Bulk All Schedules 06302009.zip,21adb939141f23d280aa8a135fc07fee9f5ac24ffd4ac21e177e48f429870bc2,21adb939141f23d280aa8a135fc07fee9f5ac24ffd4ac21e177e48f429870bc2,True,8918551
2009-09-30,FFIEC CDR Call Bulk All Schedules 09302009.zip,ea6ad42ee094065e1ba95a0e4d9547e60215019f1026dbd45bc88e01f4186489,ea6ad42ee094065e1ba95a0e4d9547e60215019f1026dbd45bc88e01f4186489,True,8679728
2009-12-31,FFIEC CDR Call Bulk All Schedules 12312009.zip,244954f93918211574a4b6ff9904a1e564c2ee571bea67cb610abe4a21df352f,244954f93918211574a4b6ff9904a1e564c2ee571bea67cb610abe4a21df352f,True,8893374
2010-03-31,FFIEC CDR Call Bulk All Schedules 03312010.zip,589f9c3df9e2ec5938a7360426fb6446d2fce134bdac80d0ac337b379a2bcc4a,589f9c3df9e2ec5938a7360426fb6446d2fce134bdac80d0ac337b379a2bcc4a,True,8682698
2010-06-30,FFIEC CDR Call Bulk All Schedules 06302010.zip,f7ba9c82287dddd49d85d3db2a6e269524ab792d9ca6fe42375c4d23454bc76c,f7ba9c82287dddd49d85d3db2a6e269524ab792d9ca6fe42375c4d23454bc76c,True,8714355
2010-09-30,FFIEC CDR Call Bulk All Schedules 09302010.zip,47169cae8eb0145227a238912362d7ded2a6c683dbfc70d8e64369e3c3f42533,47169cae8eb0145227a238912362d7ded2a6c683dbfc70d8e64369e3c3f42533,True,8759207
2010-12-31,FFIEC CDR Call Bulk All Schedules 12312010.zip,4d2da023320603585eb3e6ae750e383cf555e272c74111ce54f3fd32225d3845,4d2da023320603585eb3e6ae750e383cf555e272c74111ce54f3fd32225d3845,True,8912663
2011-03-31,FFIEC CDR Call Bulk All Schedules 03312011.zip,d3b38b2c265039acc3dc9147d60f5aa0cef7b589295963d0b3d53d0ab8b877f4,d3b38b2c265039acc3dc9147d60f5aa0cef7b589295963d0b3d53d0ab8b877f4,True,8573536
2011-06-30,FFIEC CDR Call Bulk All Schedules 06302011.zip,ccc4e9a671d90b38afd1f018483106dbc1ded65f5a836ff5bf26e7b2e308e5e7,ccc4e9a671d90b38afd1f018483106dbc1ded65f5a836ff5bf26e7b2e308e5e7,True,8721083
2011-09-30,FFIEC CDR Call Bulk All Schedules 09302011.zip,7e9d057d53bb72706a5fa1484a0cfa1e855b5231846ecd58f614d2535109316e,7e9d057d53bb72706a5fa1484a0cfa1e855b5231846ecd58f614d2535109316e,True,8758502
2011-12-31,FFIEC CDR Call Bulk All Schedules 12312011.zip,25122692264adb8090e7371a1b197015400bd8983e7a4cd815c89a209a234dc7,25122692264adb8090e7371a1b197015400bd8983e7a4cd815c89a209a234dc7,True,8953532
2012-03-31,FFIEC CDR Call Bulk All Schedules 03312012.zip,7d4e18a85bf0065d8726acbdca4e05da5ef30669c2b092217957687ce45575c5,7d4e18a85bf0065d8726acbdca4e05da5ef30669c2b092217957687ce45575c5,True,9237382
2012-06-30,FFIEC CDR Call Bulk All Schedules 06302012.zip,9ce5617a9b22f573154b55aa290dc180d9a681495104311913eab0eea9e61393,9ce5617a9b22f573154b55aa290dc180d9a681495104311913eab0eea9e61393,True,9320283
2012-09-30,FFIEC CDR Call Bulk All Schedules 09302012.zip,afa1e734e9414d0bd6ce7489c59b1cc01772c573e1b0a0866cbde904a04af914,afa1e734e9414d0bd6ce7489c59b1cc01772c573e1b0a0866cbde904a04af914,True,9349302
2012-12-31,FFIEC CDR Call Bulk All Schedules 12312012.zip,eb8a30c78f7e97f626cb215f0b84dc04b91b73b40ec450154e276fd9541ca23e,eb8a30c78f7e97f626cb215f0b84dc04b91b73b40ec450154e276fd9541ca23e,True,9457137
2013-03-31,FFIEC CDR Call Bulk All Schedules 03312013.zip,5b8af57df1418a31ef27d1a5cdf9fedd28bb58495593e68ef2d1ae2b3ac45197,5b8af57df1418a31ef27d1a5cdf9fedd28bb58495593e68ef2d1ae2b3ac45197,True,8998063
2013-06-30,FFIEC CDR Call Bulk All Schedules 06302013.zip,a97b3ebef53edb054080277f6ec5253ee5134073d0a53c840f5668ff858eae1f,a97b3ebef53edb054080277f6ec5253ee5134073d0a53c840f5668ff858eae1f,True,9159152
2013-09-30,FFIEC CDR Call Bulk All Schedules 09302013.zip,4538417f60455b5705b58ba7d6630abe2a7a80b35696522bd9ffdad83c892793,4538417f60455b5705b58ba7d6630abe2a7a80b35696522bd9ffdad83c892793,True,9180618
2013-12-31,FFIEC CDR Call Bulk All Schedules 12312013.zip,46e9bc70546da136a1d7170e3031a5bec8538c8857955b55fb67b84ba9ecd69a,46e9bc70546da136a1d7170e3031a5bec8538c8857955b55fb67b84ba9ecd69a,True,9301159
2014-03-31,FFIEC CDR Call Bulk All Schedules 03312014.zip,571fd57586a109e8a3a4b8200a8d4f3b91042210ae6b2c88bb549953822b6948,571fd57586a109e8a3a4b8200a8d4f3b91042210ae6b2c88bb549953822b6948,True,8923944
2014-06-30,FFIEC CDR Call Bulk All Schedules 06302014.zip,3cfda96e5e04d78611c3846b2ee870e3cbb6cfa4e2f4393c53e61d1e559830e4,3cfda96e5e04d78611c3846b2ee870e3cbb6cfa4e2f4393c53e61d1e559830e4,True,8957025
2014-09-30,FFIEC CDR Call Bulk All Schedules 09302014.zip,16e25db1ec4fd2b8ad46a44a8d658cbd04a71a2b6c6c40323470148efd6f97a4,16e25db1ec4fd2b8ad46a44a8d658cbd04a71a2b6c6c40323470148efd6f97a4,True,8943985
2014-12-31,FFIEC CDR Call Bulk All Schedules 12312014.zip,32865ed3b3e78f3fc2ff9e24465b7b43b558a6d2175b33d0f1ca9d399885191d,32865ed3b3e78f3fc2ff9e24465b7b43b558a6d2175b33d0f1ca9d399885191d,True,9051604
2015-03-31,FFIEC CDR Call Bulk All Schedules 03312015.zip,a971134e5d959f9449a4a1e98b0b6fd839fe3a0d816e18383ed4fd98e8329b24,a971134e5d959f9449a4a1e98b0b6fd839fe3a0d816e18383ed4fd98e8329b24,True,8787483
2015-06-30,FFIEC CDR Call Bulk All Schedules 06302015.zip,f6887e487ec985bd86a2382dfcbc1d2817bb343010d9fc3bf241710dc45de70a,f6887e487ec985bd86a2382dfcbc1d2817bb343010d9fc3bf241710dc45de70a,True,8845893
2015-09-30,FFIEC CDR Call Bulk All Schedules 09302015.zip,a8591c4d2b4d46c81377c1803558c2219ff0660f4ca7bf85f3b335e0bcca78b8,a8591c4d2b4d46c81377c1803558c2219ff0660f4ca7bf85f3b335e0bcca78b8,True,8833964
2015-12-31,FFIEC CDR Call Bulk All Schedules 12312015.zip,fe189d41651d518dcb1494475a0ae36abbe08b83161adfdf76dda49735b20475,fe189d41651d518dcb1494475a0ae36abbe08b83161adfdf76dda49735b20475,True,8927826
2016-03-31,FFIEC CDR Call Bulk All Schedules 03312016.zip,0d6e0882cb7805d87b2ae8ccd29dae37184068a2065bac9b9309fd3ec86138cd,0d6e0882cb7805d87b2ae8ccd29dae37184068a2065bac9b9309fd3ec86138cd,True,8517435
2016-06-30,FFIEC CDR Call Bulk All Schedules 06302016.zip,4831339e9072c7d95e7ba7588de1485691c83789b7cc9848b08b428c9ac96f87,4831339e9072c7d95e7ba7588de1485691c83789b7cc9848b08b428c9ac96f87,True,8576699
2016-09-30,FFIEC CDR Call Bulk All Schedules 09302016.zip,7935720ac78923c635cae4ccaceea1ea9061e74aee45130b846764b868bff8ea,7935720ac78923c635cae4ccaceea1ea9061e74aee45130b846764b868bff8ea,True,8476997
2016-12-31,FFIEC CDR Call Bulk All Schedules 12312016.zip,b807fd03a5fe431fb0a544cf52ad8d7fe40ff6c855c94c921cb220583a599fcf,b807fd03a5fe431fb0a544cf52ad8d7fe40ff6c855c94c921cb220583a599fcf,True,8601281
2017-03-31,FFIEC CDR Call Bulk All Schedules 03312017.zip,2b94ead4f7d00d4b275b8f94b5b96cfdbd68df32bd78e20d345198e08f8b6795,2b94ead4f7d00d4b275b8f94b5b96cfdbd68df32bd78e20d345198e08f8b6795,True,8019468
2017-06-30,FFIEC CDR Call Bulk All Schedules 06302017.zip,bab661c954c1091ad95cca1c36fc7228f837b1cc10b53964d063dc0800dd40ce,bab661c954c1091ad95cca1c36fc7228f837b1cc10b53964d063dc0800dd40ce,True,8198944
2017-09-30,FFIEC CDR Call Bulk All Schedules 09302017.zip,bacf56cc421f89e148fe5d8ceb7605da37891484d8d2ca59b1275a74eedce6f4,bacf56cc421f89e148fe5d8ceb7605da37891484d8d2ca59b1275a74eedce6f4,True,8029249
2017-12-31,FFIEC CDR Call Bulk All Schedules 12312017.zip,e2c8d45d363450501f2088d10addfc317228c3571a35a6d0b5ba154190509b4b,e2c8d45d363450501f2088d10addfc317228c3571a35a6d0b5ba154190509b4b,True,8330190
2018-03-31,FFIEC CDR Call Bulk All Schedules 03312018.zip,a9be30d444f7a2dd4d43db96d2a8bc56eb8deac28387617b7bcb46482742f87c,a9be30d444f7a2dd4d43db96d2a8bc56eb8deac28387617b7bcb46482742f87c,True,7723363
2018-06-30,FFIEC CDR Call Bulk All Schedules 06302018.zip,02247ea0634389ce1dde627766083fedbb4065036695399f32e477e8e6c2aef9,02247ea0634389ce1dde627766083fedbb4065036695399f32e477e8e6c2aef9,True,7769831
2018-09-30,FFIEC CDR Call Bulk All Schedules 09302018.zip,7633cd6d77b305c9893e846c478a5f373581d6ea8b78711798932a0f1436d5ea,7633cd6d77b305c9893e846c478a5f373581d6ea8b78711798932a0f1436d5ea,True,7579959
2018-12-31,FFIEC CDR Call Bulk All Schedules 12312018.zip,9af3e38c41cbf383699b3eb449a58611cd78ec35cfb04a44dc5d968323fb2ab3,9af3e38c41cbf383699b3eb449a58611cd78ec35cfb04a44dc5d968323fb2ab3,True,7915522
2019-03-31,FFIEC CDR Call Bulk All Schedules 03312019.zip,644e558a2cb9798e8f5d0b463c40a9cdcea7d982713ec835c378de0a66fd6a76,644e558a2cb9798e8f5d0b463c40a9cdcea7d982713ec835c378de0a66fd6a76,True,7340120
2019-06-30,FFIEC CDR Call Bulk All Schedules 06302019.zip,a94bcb5a036428bdc4a85563481c905c8b61ede006de937174c4e7962cbd148d,a94bcb5a036428bdc4a85563481c905c8b61ede006de937174c4e7962cbd148d,True,7523107
2019-09-30,FFIEC CDR Call Bulk All Schedules 09302019.zip,0117dc4acd70b1c97f7082ff0daf85b5386a41bd5cb578786dad6de5a601afcf,0117dc4acd70b1c97f7082ff0daf85b5386a41bd5cb578786dad6de5a601afcf,True,6715923
2019-12-31,FFIEC CDR Call Bulk All Schedules 12312019.zip,76759cc9ecd6570e9cdc11abaa1982af1a982b215e4674256a920cf426bef433,76759cc9ecd6570e9cdc11abaa1982af1a982b215e4674256a920cf426bef433,True,7651046
2020-03-31,FFIEC CDR Call Bulk All Schedules 03312020.zip,8adeb627e825855250f7f0299e39301feec3a60f38eb1fbc8a74c7b3aede10dc,8adeb627e825855250f7f0299e39301feec3a60f38eb1fbc8a74c7b3aede10dc,True,6358272
2020-06-30,FFIEC CDR Call Bulk All Schedules 06302020.zip,89ad4acaddea1385590c0fd4c6cba8bcda25383d455782518bb5dc547e91f218,89ad4acaddea1385590c0fd4c6cba8bcda25383d455782518bb5dc547e91f218,True,7011260
2020-09-30,FFIEC CDR Call Bulk All Schedules 09302020.zip,357474e433fb8cd672e09312b850beeaa041da11ed64809eddb56c878456d659,357474e433fb8cd672e09312b850beeaa041da11ed64809eddb56c878456d659,True,6410868
2020-12-31,FFIEC CDR Call Bulk All Schedules 12312020.zip,4b4228ca49d1a6e92210cbbc2d6eab43ff447a7201726c1a905967072096e061,4b4228ca49d1a6e92210cbbc2d6eab43ff447a7201726c1a905967072096e061,True,7200596
2021-03-31,FFIEC CDR Call Bulk All Schedules 03312021.zip,92bc2920c195dfb1ad0f3e6014d7aca9c82c01184fa1da83b69643dabd150ce1,92bc2920c195dfb1ad0f3e6014d7aca9c82c01184fa1da83b69643dabd150ce1,True,6226567
2021-06-30,FFIEC CDR Call Bulk All Schedules 06302021.zip,25bb18d12d55115ca0a857f3ff76c33b379be5186023f9cf01319e3984769e93,25bb18d12d55115ca0a857f3ff76c33b379be5186023f9cf01319e3984769e93,True,6825630
2021-09-30,FFIEC CDR Call Bulk All Schedules 09302021.zip,d62ecf20782b57f640a568e951a7cbc100e82f3ffc59674959b7570d4a5e49d6,d62ecf20782b57f640a568e951a7cbc100e82f3ffc59674959b7570d4a5e49d6,True,6258868
2021-12-31,FFIEC CDR Call Bulk All Schedules 12312021.zip,a9f50afafc5fbd724e0785dccc2fd0c6e4b167d6f692cfc141c42fa7956a6a88,a9f50afafc5fbd724e0785dccc2fd0c6e4b167d6f692cfc141c42fa7956a6a88,True,6997889
2022-03-31,FFIEC CDR Call Bulk All Schedules 03312022.zip,a7dd40120655f18ce419429ff50fd676e3829b20d00f4e56231a722fcb3ac23c,a7dd40120655f18ce419429ff50fd676e3829b20d00f4e56231a722fcb3ac23c,True,6033014
2022-06-30,FFIEC CDR Call Bulk All Schedules 06302022.zip,27d84f87e00469f3be2ba9b0d38edd613f3732e98adfab42056a218525b58c1c,27d84f87e00469f3be2ba9b0d38edd613f3732e98adfab42056a218525b58c1c,True,6653642
2022-09-30,FFIEC CDR Call Bulk All Schedules 09302022.zip,7c298e0ee4e37a55935b5afc25e2b94c82778f9e0b47f14f75c811fccb08dc7a,7c298e0ee4e37a55935b5afc25e2b94c82778f9e0b47f14f75c811fccb08dc7a,True,6090382
2022-12-31,FFIEC CDR Call Bulk All Schedules 12312022.zip,978cc284dc5ae6c13ca7805a2c9da5a714b7eb501e4c6a320aed5deb424268aa,978cc284dc5ae6c13ca7805a2c9da5a714b7eb501e4c6a320aed5deb424268aa,True,6902760
2023-03-31,FFIEC CDR Call Bulk All Schedules 03312023.zip,6d7d45b61665a2a4fdb7eb2f50ae14ace939806ff4568778c76bd542b5a6fed1,6d7d45b61665a2a4fdb7eb2f50ae14ace939806ff4568778c76bd542b5a6fed1,True,5975897
2023-06-30,FFIEC CDR Call Bulk All Schedules 06302023.zip,a9dbfb56417c1036856bb663b1acf0ace27de5dae0b51fff44cffb9ccf7dfd00,a9dbfb56417c1036856bb663b1acf0ace27de5dae0b51fff44cffb9ccf7dfd00,True,6584954
2023-09-30,FFIEC CDR Call Bulk All Schedules 09302023.zip,e26b31a559e46bf87dcb368829cba1116ec0c2d0e494f7d21dcd785c7ed75f4e,e26b31a559e46bf87dcb368829cba1116ec0c2d0e494f7d21dcd785c7ed75f4e,True,6016856
2023-12-31,FFIEC CDR Call Bulk All Schedules 12312023.zip,4f05c73d021234f9ac951dc66676cdd6fdf0d627566fab951be3350fdffa64f8,4f05c73d021234f9ac951dc66676cdd6fdf0d627566fab951be3350fdffa64f8,True,6823505
2024-03-31,FFIEC CDR Call Bulk All Schedules 03312024.zip,d42e44d041029be028111b3f0cdd0cd00afc15528a40a6ed43dafabf119d4e3d,d42e44d041029be028111b3f0cdd0cd00afc15528a40a6ed43dafabf119d4e3d,True,5772882
2024-06-30,FFIEC CDR Call Bulk All Schedules 06302024.zip,86fddf04ec80aaf8961ec72d471e805f2706c88fe407d4426f96124ac3464a86,86fddf04ec80aaf8961ec72d471e805f2706c88fe407d4426f96124ac3464a86,True,6365082
2024-09-30,FFIEC CDR Call Bulk All Schedules 09302024.zip,122d32ddc3f83abb04dad6044016ecd765fe9ad5815514f14b280df71bbe3755,122d32ddc3f83abb04dad6044016ecd765fe9ad5815514f14b280df71bbe3755,True,5840527
2024-12-31,FFIEC CDR Call Bulk All Schedules 12312024.zip,de61a9203ee92b20936685af975a62971cdedfba3a53f2e49320b41a517e28b6,de61a9203ee92b20936685af975a62971cdedfba3a53f2e49320b41a517e28b6,True,6605584
2025-03-31,FFIEC CDR Call Bulk All Schedules 03312025.zip,19d67728641f0f132d475e29c47d1ee1bb18a562fb515a61bd072d2e70eb9554,19d67728641f0f132d475e29c47d1ee1bb18a562fb515a61bd072d2e70eb9554,True,5705154
2025-06-30,FFIEC CDR Call Bulk All Schedules 06302025.zip,0a6b0373201fb88a1f7841117a15c38c83923678242451a0e2668fa23fd04068,0a6b0373201fb88a1f7841117a15c38c83923678242451a0e2668fa23fd04068,True,6231368
2025-09-30,FFIEC CDR Call Bulk All Schedules 09302025.zip,645414d5a2afac536025f7f4674cbbad1c039e6b0fab02683f0aa90f998e1721,645414d5a2afac536025f7f4674cbbad1c039e6b0fab02683f0aa90f998e1721,True,5687748
2025-12-31,FFIEC CDR Call Bulk All Schedules 12312025.zip,e0d0059a041a6409677151e4389706b63a7ecbab85eb907138e51b93a0bf5b33,e0d0059a041a6409677151e4389706b63a7ecbab85eb907138e51b93a0bf5b33,True,6408275
