sample_change,form,segment,observations,banks,first_date,last_date,exposure_old_mean,exposure_new_mean,exposure_mean_change,annualized_nco_rate_old_mean,annualized_nco_rate_new_mean,annualized_nco_rate_mean_change,cre_share_mean_change,cre_to_tier1_mean_change,eligible_old,eligible_new
EXITED,,CI,20,1,2017-03-31,2021-12-31,23354.35,,,0.004933030642059073,,,,,20,0.0
EXITED,,CRE,20,1,2017-03-31,2021-12-31,63333.0,,,0.0005330029284582692,,,,,20,0.0
EXITED,,Mortgage,20,1,2017-03-31,2021-12-31,8323.45,,,0.0,,,,,20,0.0
COMMON,31,CI,1384,27,2005-03-31,2025-12-31,14263580.346098267,14310430.961705202,46850.615606936415,0.01206487653910921,0.005989629874701217,-0.00017389008803180982,,,1350,1271.0
COMMON,31,CRE,1384,27,2005-03-31,2025-12-31,9834950.692196531,13902117.296432965,934798.2177121771,0.028942234593487177,0.001431523318539905,3.129731419244087e-05,0.01881468536420018,0.12902142971925717,1350,761.0
COMMON,31,Mortgage,1384,27,2005-03-31,2025-12-31,9645516.523121387,11783057.749077491,0.0,0.00450425033344706,0.0007255450623932538,0.0,,,1370,764.0
COMMON,41,CI,1311,24,2005-03-31,2025-12-31,4085524.337147216,4085524.337147216,0.0,0.004333766469453104,0.00425795917356829,0.0,,,1257,1130.0
COMMON,41,CRE,1311,24,2005-03-31,2025-12-31,7041349.250190694,8161631.52402746,1120282.273836766,0.01800725117746044,0.001759967840145896,-0.017095459500269413,0.0947185325609261,0.7726668527303341,1246,1163.0
COMMON,41,Mortgage,1311,24,2005-03-31,2025-12-31,3097718.4446987035,3097718.4446987035,0.0,0.0017602165931450543,0.0016555294361241366,0.0,,,1292,1165.0
