source_url,download_timestamp,file_name,sha256,report_period,version,size_bytes
https://cdr.ffiec.gov/public/pws/downloadbulkdata.aspx,2026-09-02T04:00:24.687551+00:00,FFIEC CDR Call Bulk All Schedules 03312005.zip,ca539a99d71fb9a65c70e5907858d11028f0159de2f4f5d26d64f8c8dd3306ab,2005-03-31,1,7968615
https://cdr.ffiec.gov/public/pws/downloadbulkdata.aspx,2026-09-02T04:01:55.815560+00:00,FFIEC CDR Call Bulk All Schedules 06302005.zip,4b4302fce862534c0c977a34bad3d7127934dbdccf3abb6aaa28eb62909743fb,2005-06-30,1,8289085
https://cdr.ffiec.gov/public/pws/downloadbulkdata.aspx,2026-09-02T04:02:00.582596+00:00,FFIEC CDR Call Bulk All Schedules 09302005.zip,3f93385601d074b89db14bb51419b3101e9c5fb9573e13d2c8b90490f712b10e,2005-09-30,1,8197214
https://cdr.ffiec.gov/public/pws/downloadbulkdata.aspx,2026-09-02T04:02:05.212192+00:00,FFIEC CDR Call Bulk All Schedules 12312005.zip,3ab8841403fc546d1f2658fac2bb73d8428433cff4f4b78fd78ff14027253b33,2005-12-31,1,8443903
https://cdr.ffiec.gov/public/pws/downloadbulkdata.aspx,2026-09-02T04:02:10.050339+00:00,FFIEC CDR Call Bulk All Schedules 03312006.zip,5426fbba27db000c7e5a9af8c6c673eeb4c18557c34742c52130b41af5c6cc96,2006-03-31,1,8044988
https://cdr.ffiec.gov/public/pws/downloadbulkdata.aspx,2026-09-02T04:02:15.218463+00:00,FFIEC CDR Call Bulk All Schedules 06302006.zip,5f9d12b62b419111930326393f5e6889ce9d184faa3133b1370774d75ea9e46b,2006-06-30,1,8446083
https://cdr.ffiec.gov/public/pws/downloadbulkdata.aspx,2026-09-02T04:02:19.306058+00:00,FFIEC CDR Call Bulk All Schedules 09302006.zip,52bd990d96bd9ecffd9df0ccf829f13510f84f9d49753bec2819b20a7af25c55,2006-09-30,1,8269568
https://cdr.ffiec.gov/public/pws/downloadbulkdata.aspx,2026-09-02T04:02:23.778896+00:00,FFIEC CDR Call Bulk All Schedules 12312006.zip,e583a7a3cc673aab39ddbe5d3bc329f7925e58afa3666c23e8b4292dd7428ffd,2006-12-31,1,8344968
https://cdr.ffiec.gov/public/pws/downloadbulkdata.aspx,2026-09-02T04:02:27.788969+00:00,FFIEC CDR Call Bulk All Schedules 03312007.zip,258a9474d0e45ba0ef3f0237c9cb6e3e37b48c955d796a04520ceef34e78ef27,2007-03-31,1,8210891
https://cdr.ffiec.gov/public/pws/downloadbulkdata.aspx,2026-09-02T04:02:32.643886+00:00,FFIEC CDR Call Bulk All Schedules 06302007.zip,1ac5013bfbb71282731f6d4a55dbb1d13e6aa9072987da9777d59880150e926a,2007-06-30,1,8575145
https://cdr.ffiec.gov/public/pws/downloadbulkdata.aspx,2026-09-02T04:02:37.649696+00:00,FFIEC CDR Call Bulk All Schedules 09302007.zip,bd41a07e3ab802fa1dfd9f55cb465316f44634efab204cb999cc395bda4a2a37,2007-09-30,1,8318471
https://cdr.ffiec.gov/public/pws/downloadbulkdata.aspx,2026-09-02T04:02:42.882810+00:00,FFIEC CDR Call Bulk All Schedules 12312007.zip,e2803df6e6dde0887474fbc3598235c2f5d3c489652511d39b796ed14b831965,2007-12-31,1,8479624
https://cdr.ffiec.gov/public/pws/downloadbulkdata.aspx,2026-09-02T04:02:47.760218+00:00,FFIEC CDR Call Bulk All Schedules 03312008.zip,b6ab096041937ef271f94dc211b68924f1036236f22b07dce353525dc7e3183b,2008-03-31,1,8107251
https://cdr.ffiec.gov/public/pws/downloadbulkdata.aspx,2026-09-02T04:02:52.315293+00:00,FFIEC CDR Call Bulk All Schedules 06302008.zip,843f5e685ee49d8cbd17a83b562b84b62085f6c53b5850169722115f88fef9e5,2008-06-30,1,8624774
https://cdr.ffiec.gov/public/pws/downloadbulkdata.aspx,2026-09-02T04:02:56.542112+00:00,FFIEC CDR Call Bulk All Schedules 09302008.zip,0ae0098cf33ba9696348e0faca34d9d088a09dce6d328cbe6db34aff68fed8a3,2008-09-30,1,8441049
https://cdr.ffiec.gov/public/pws/downloadbulkdata.aspx,2026-09-02T04:03:02.186447+00:00,FFIEC CDR Call Bulk All Schedules 12312008.zip,1c1e5c5578f3a7950604df2fd2d166b0849f8eca146b419919f0ef639a6eda9d,2008-12-31,1,8620922
https://cdr.ffiec.gov/public/pws/downloadbulkdata.aspx,2026-09-02T04:03:06.096298+00:00,FFIEC CDR Call Bulk All Schedules 03312009.zip,afc67290e7b8f7ee4dcbd02d7422822edaf4473f9bd729f59016daf9e4996261,2009-03-31,1,8223296
https://cdr.ffiec.gov/public/pws/downloadbulkdata.aspx,2026-09-02T04:03:10.062809+00:00,FFIEC CDR Call Bulk All Schedules 06302009.zip,21adb939141f23d280aa8a135fc07fee9f5ac24ffd4ac21e177e48f429870bc2,2009-06-30,1,8918551
https://cdr.ffiec.gov/public/pws/downloadbulkdata.aspx,2026-09-02T04:03:14.634472+00:00,FFIEC CDR Call Bulk All Schedules 09302009.zip,ea6ad42ee094065e1ba95a0e4d9547e60215019f1026dbd45bc88e01f4186489,2009-09-30,1,8679728
https://cdr.ffiec.gov/public/pws/downloadbulkdata.aspx,2026-09-02T04:00:31.738030+00:00,FFIEC CDR Call Bulk All Schedules 12312009.zip,244954f93918211574a4b6ff9904a1e564c2ee571bea67cb610abe4a21df352f,2009-12-31,1,8893374
https://cdr.ffiec.gov/public/pws/downloadbulkdata.aspx,2026-09-02T04:03:18.721955+00:00,FFIEC CDR Call Bulk All Schedules 03312010.zip,589f9c3df9e2ec5938a7360426fb6446d2fce134bdac80d0ac337b379a2bcc4a,2010-03-31,1,8682698
https://cdr.ffiec.gov/public/pws/downloadbulkdata.aspx,2026-09-02T04:03:22.783088+00:00,FFIEC CDR Call Bulk All Schedules 06302010.zip,f7ba9c82287dddd49d85d3db2a6e269524ab792d9ca6fe42375c4d23454bc76c,2010-06-30,1,8714355
https://cdr.ffiec.gov/public/pws/downloadbulkdata.aspx,2026-09-02T04:03:27.468355+00:00,FFIEC CDR Call Bulk All Schedules 09302010.zip,47169cae8eb0145227a238912362d7ded2a6c683dbfc70d8e64369e3c3f42533,2010-09-30,1,8759207
https://cdr.ffiec.gov/public/pws/downloadbulkdata.aspx,2026-09-02T04:03:32.281963+00:00,FFIEC CDR Call Bulk All Schedules 12312010.zip,4d2da023320603585eb3e6ae750e383cf555e272c74111ce54f3fd32225d3845,2010-12-31,1,8912663
https://cdr.ffiec.gov/public/pws/downloadbulkdata.aspx,2026-09-02T04:03:35.995688+00:00,FFIEC CDR Call Bulk All Schedules 03312011.zip,d3b38b2c265039acc3dc9147d60f5aa0cef7b589295963d0b3d53d0ab8b877f4,2011-03-31,1,8573536
https://cdr.ffiec.gov/public/pws/downloadbulkdata.aspx,2026-09-02T04:03:40.019119+00:00,FFIEC CDR Call Bulk All Schedules 06302011.zip,ccc4e9a671d90b38afd1f018483106dbc1ded65f5a836ff5bf26e7b2e308e5e7,2011-06-30,1,8721083
https://cdr.ffiec.gov/public/pws/downloadbulkdata.aspx,2026-09-02T04:03:44.535477+00:00,FFIEC CDR Call Bulk All Schedules 09302011.zip,7e9d057d53bb72706a5fa1484a0cfa1e855b5231846ecd58f614d2535109316e,2011-09-30,1,8758502
https://cdr.ffiec.gov/public/pws/downloadbulkdata.aspx,2026-09-02T04:03:48.621299+00:00,FFIEC CDR Call Bulk All Schedules 12312011.zip,25122692264adb8090e7371a1b197015400bd8983e7a4cd815c89a209a234dc7,2011-12-31,1,8953532
https://cdr.ffiec.gov/public/pws/downloadbulkdata.aspx,2026-09-02T04:03:53.749521+00:00,FFIEC CDR Call Bulk All Schedules 03312012.zip,7d4e18a85bf0065d8726acbdca4e05da5ef30669c2b092217957687ce45575c5,2012-03-31,1,9237382
https://cdr.ffiec.gov/public/pws/downloadbulkdata.aspx,2026-09-02T04:03:58.643791+00:00,FFIEC CDR Call Bulk All Schedules 06302012.zip,9ce5617a9b22f573154b55aa290dc180d9a681495104311913eab0eea9e61393,2012-06-30,1,9320283
https://cdr.ffiec.gov/public/pws/downloadbulkdata.aspx,2026-09-02T04:04:03.982936+00:00,FFIEC CDR Call Bulk All Schedules 09302012.zip,afa1e734e9414d0bd6ce7489c59b1cc01772c573e1b0a0866cbde904a04af914,2012-09-30,1,9349302
https://cdr.ffiec.gov/public/pws/downloadbulkdata.aspx,2026-09-02T04:04:09.579432+00:00,FFIEC CDR Call Bulk All Schedules 12312012.zip,eb8a30c78f7e97f626cb215f0b84dc04b91b73b40ec450154e276fd9541ca23e,2012-12-31,1,9457137
https://cdr.ffiec.gov/public/pws/downloadbulkdata.aspx,2026-09-02T04:04:14.783681+00:00,FFIEC CDR Call Bulk All Schedules 03312013.zip,5b8af57df1418a31ef27d1a5cdf9fedd28bb58495593e68ef2d1ae2b3ac45197,2013-03-31,1,8998063
https://cdr.ffiec.gov/public/pws/downloadbulkdata.aspx,2026-09-02T04:04:20.730357+00:00,FFIEC CDR Call Bulk All Schedules 06302013.zip,a97b3ebef53edb054080277f6ec5253ee5134073d0a53c840f5668ff858eae1f,2013-06-30,1,9159152
https://cdr.ffiec.gov/public/pws/downloadbulkdata.aspx,2026-09-02T04:04:25.427965+00:00,FFIEC CDR Call Bulk All Schedules 09302013.zip,4538417f60455b5705b58ba7d6630abe2a7a80b35696522bd9ffdad83c892793,2013-09-30,1,9180618
https://cdr.ffiec.gov/public/pws/downloadbulkdata.aspx,2026-09-02T04:04:30.841813+00:00,FFIEC CDR Call Bulk All Schedules 12312013.zip,46e9bc70546da136a1d7170e3031a5bec8538c8857955b55fb67b84ba9ecd69a,2013-12-31,1,9301159
https://cdr.ffiec.gov/public/pws/downloadbulkdata.aspx,2026-09-02T04:04:35.199117+00:00,FFIEC CDR Call Bulk All Schedules 03312014.zip,571fd57586a109e8a3a4b8200a8d4f3b91042210ae6b2c88bb549953822b6948,2014-03-31,1,8923944
https://cdr.ffiec.gov/public/pws/downloadbulkdata.aspx,2026-09-02T04:04:39.367300+00:00,FFIEC CDR Call Bulk All Schedules 06302014.zip,3cfda96e5e04d78611c3846b2ee870e3cbb6cfa4e2f4393c53e61d1e559830e4,2014-06-30,1,8957025
https://cdr.ffiec.gov/public/pws/downloadbulkdata.aspx,2026-09-02T04:04:44.270810+00:00,FFIEC CDR Call Bulk All Schedules 09302014.zip,16e25db1ec4fd2b8ad46a44a8d658cbd04a71a2b6c6c40323470148efd6f97a4,2014-09-30,1,8943985
https://cdr.ffiec.gov/public/pws/downloadbulkdata.aspx,2026-09-02T04:04:48.696376+00:00,FFIEC CDR Call Bulk All Schedules 12312014.zip,32865ed3b3e78f3fc2ff9e24465b7b43b558a6d2175b33d0f1ca9d399885191d,2014-12-31,1,9051604
https://cdr.ffiec.gov/public/pws/downloadbulkdata.aspx,2026-09-02T04:04:53.893370+00:00,FFIEC CDR Call Bulk All Schedules 03312015.zip,a971134e5d959f9449a4a1e98b0b6fd839fe3a0d816e18383ed4fd98e8329b24,2015-03-31,1,8787483
https://cdr.ffiec.gov/public/pws/downloadbulkdata.aspx,2026-09-02T04:04:59.931958+00:00,FFIEC CDR Call Bulk All Schedules 06302015.zip,f6887e487ec985bd86a2382dfcbc1d2817bb343010d9fc3bf241710dc45de70a,2015-06-30,1,8845893
https://cdr.ffiec.gov/public/pws/downloadbulkdata.aspx,2026-09-02T04:05:06.505177+00:00,FFIEC CDR Call Bulk All Schedules 09302015.zip,a8591c4d2b4d46c81377c1803558c2219ff0660f4ca7bf85f3b335e0bcca78b8,2015-09-30,1,8833964
https://cdr.ffiec.gov/public/pws/downloadbulkdata.aspx,2026-09-02T04:05:12.553733+00:00,FFIEC CDR Call Bulk All Schedules 12312015.zip,fe189d41651d518dcb1494475a0ae36abbe08b83161adfdf76dda49735b20475,2015-12-31,1,8927826
https://cdr.ffiec.gov/public/pws/downloadbulkdata.aspx,2026-09-02T04:05:17.391440+00:00,FFIEC CDR Call Bulk All Schedules 03312016.zip,0d6e0882cb7805d87b2ae8ccd29dae37184068a2065bac9b9309fd3ec86138cd,2016-03-31,1,8517435
https://cdr.ffiec.gov/public/pws/downloadbulkdata.aspx,2026-09-02T04:05:21.547618+00:00,FFIEC CDR Call Bulk All Schedules 06302016.zip,4831339e9072c7d95e7ba7588de1485691c83789b7cc9848b08b428c9ac96f87,2016-06-30,1,8576699
https://cdr.ffiec.gov/public/pws/downloadbulkdata.aspx,2026-09-02T04:05:25.520330+00:00,FFIEC CDR Call Bulk All Schedules 09302016.zip,7935720ac78923c635cae4ccaceea1ea9061e74aee45130b846764b868bff8ea,2016-09-30,1,8476997
https://cdr.ffiec.gov/public/pws/downloadbulkdata.aspx,2026-09-02T04:05:30.296276+00:00,FFIEC CDR Call Bulk All Schedules 12312016.zip,b807fd03a5fe431fb0a544cf52ad8d7fe40ff6c855c94c921cb220583a599fcf,2016-12-31,1,8601281
https://cdr.ffiec.gov/public/pws/downloadbulkdata.aspx,2026-09-02T04:05:35.150448+00:00,FFIEC CDR Call Bulk All Schedules 03312017.zip,2b94ead4f7d00d4b275b8f94b5b96cfdbd68df32bd78e20d345198e08f8b6795,2017-03-31,1,8019468
https://cdr.ffiec.gov/public/pws/downloadbulkdata.aspx,2026-09-02T04:05:39.775900+00:00,FFIEC CDR Call Bulk All Schedules 06302017.zip,bab661c954c1091ad95cca1c36fc7228f837b1cc10b53964d063dc0800dd40ce,2017-06-30,1,8198944
https://cdr.ffiec.gov/public/pws/downloadbulkdata.aspx,2026-09-02T04:05:43.927961+00:00,FFIEC CDR Call Bulk All Schedules 09302017.zip,bacf56cc421f89e148fe5d8ceb7605da37891484d8d2ca59b1275a74eedce6f4,2017-09-30,1,8029249
https://cdr.ffiec.gov/public/pws/downloadbulkdata.aspx,2026-09-02T04:05:46.258860+00:00,FFIEC CDR Call Bulk All Schedules 12312017.zip,e2c8d45d363450501f2088d10addfc317228c3571a35a6d0b5ba154190509b4b,2017-12-31,1,8330190
https://cdr.ffiec.gov/public/pws/downloadbulkdata.aspx,2026-09-02T04:05:48.420792+00:00,FFIEC CDR Call Bulk All Schedules 03312018.zip,a9be30d444f7a2dd4d43db96d2a8bc56eb8deac28387617b7bcb46482742f87c,2018-03-31,1,7723363
https://cdr.ffiec.gov/public/pws/downloadbulkdata.aspx,2026-09-02T04:05:50.597726+00:00,FFIEC CDR Call Bulk All Schedules 06302018.zip,02247ea0634389ce1dde627766083fedbb4065036695399f32e477e8e6c2aef9,2018-06-30,1,7769831
https://cdr.ffiec.gov/public/pws/downloadbulkdata.aspx,2026-09-02T04:05:52.723932+00:00,FFIEC CDR Call Bulk All Schedules 09302018.zip,7633cd6d77b305c9893e846c478a5f373581d6ea8b78711798932a0f1436d5ea,2018-09-30,1,7579959
https://cdr.ffiec.gov/public/pws/downloadbulkdata.aspx,2026-09-02T04:05:54.941100+00:00,FFIEC CDR Call Bulk All Schedules 12312018.zip,9af3e38c41cbf383699b3eb449a58611cd78ec35cfb04a44dc5d968323fb2ab3,2018-12-31,1,7915522
https://cdr.ffiec.gov/public/pws/downloadbulkdata.aspx,2026-09-02T04:05:57.004755+00:00,FFIEC CDR Call Bulk All Schedules 03312019.zip,644e558a2cb9798e8f5d0b463c40a9cdcea7d982713ec835c378de0a66fd6a76,2019-03-31,1,7340120
https://cdr.ffiec.gov/public/pws/downloadbulkdata.aspx,2026-09-02T04:05:59.118169+00:00,FFIEC CDR Call Bulk All Schedules 06302019.zip,a94bcb5a036428bdc4a85563481c905c8b61ede006de937174c4e7962cbd148d,2019-06-30,1,7523107
https://cdr.ffiec.gov/public/pws/downloadbulkdata.aspx,2026-09-02T04:06:01.123465+00:00,FFIEC CDR Call Bulk All Schedules 09302019.zip,0117dc4acd70b1c97f7082ff0daf85b5386a41bd5cb578786dad6de5a601afcf,2019-09-30,1,6715923
https://cdr.ffiec.gov/public/pws/downloadbulkdata.aspx,2026-09-02T04:06:03.151341+00:00,FFIEC CDR Call Bulk All Schedules 12312019.zip,76759cc9ecd6570e9cdc11abaa1982af1a982b215e4674256a920cf426bef433,2019-12-31,1,7651046
https://cdr.ffiec.gov/public/pws/downloadbulkdata.aspx,2026-09-02T04:06:04.934377+00:00,FFIEC CDR Call Bulk All Schedules 03312020.zip,8adeb627e825855250f7f0299e39301feec3a60f38eb1fbc8a74c7b3aede10dc,2020-03-31,1,6358272
https://cdr.ffiec.gov/public/pws/downloadbulkdata.aspx,2026-09-02T04:00:40.470067+00:00,FFIEC CDR Call Bulk All Schedules 06302020.zip,89ad4acaddea1385590c0fd4c6cba8bcda25383d455782518bb5dc547e91f218,2020-06-30,1,7011260
https://cdr.ffiec.gov/public/pws/downloadbulkdata.aspx,2026-09-02T04:06:06.732066+00:00,FFIEC CDR Call Bulk All Schedules 09302020.zip,357474e433fb8cd672e09312b850beeaa041da11ed64809eddb56c878456d659,2020-09-30,1,6410868
https://cdr.ffiec.gov/public/pws/downloadbulkdata.aspx,2026-09-02T04:06:08.750395+00:00,FFIEC CDR Call Bulk All Schedules 12312020.zip,4b4228ca49d1a6e92210cbbc2d6eab43ff447a7201726c1a905967072096e061,2020-12-31,1,7200596
https://cdr.ffiec.gov/public/pws/downloadbulkdata.aspx,2026-09-02T04:06:10.493784+00:00,FFIEC CDR Call Bulk All Schedules 03312021.zip,92bc2920c195dfb1ad0f3e6014d7aca9c82c01184fa1da83b69643dabd150ce1,2021-03-31,1,6226567
https://cdr.ffiec.gov/public/pws/downloadbulkdata.aspx,2026-09-02T04:06:12.409064+00:00,FFIEC CDR Call Bulk All Schedules 06302021.zip,25bb18d12d55115ca0a857f3ff76c33b379be5186023f9cf01319e3984769e93,2021-06-30,1,6825630
https://cdr.ffiec.gov/public/pws/downloadbulkdata.aspx,2026-09-02T04:06:14.161614+00:00,FFIEC CDR Call Bulk All Schedules 09302021.zip,d62ecf20782b57f640a568e951a7cbc100e82f3ffc59674959b7570d4a5e49d6,2021-09-30,1,6258868
https://cdr.ffiec.gov/public/pws/downloadbulkdata.aspx,2026-09-02T04:06:16.126441+00:00,FFIEC CDR Call Bulk All Schedules 12312021.zip,a9f50afafc5fbd724e0785dccc2fd0c6e4b167d6f692cfc141c42fa7956a6a88,2021-12-31,1,6997889
https://cdr.ffiec.gov/public/pws/downloadbulkdata.aspx,2026-09-02T04:06:17.816446+00:00,FFIEC CDR Call Bulk All Schedules 03312022.zip,a7dd40120655f18ce419429ff50fd676e3829b20d00f4e56231a722fcb3ac23c,2022-03-31,1,6033014
https://cdr.ffiec.gov/public/pws/downloadbulkdata.aspx,2026-09-02T04:06:19.679264+00:00,FFIEC CDR Call Bulk All Schedules 06302022.zip,27d84f87e00469f3be2ba9b0d38edd613f3732e98adfab42056a218525b58c1c,2022-06-30,1,6653642
https://cdr.ffiec.gov/public/pws/downloadbulkdata.aspx,2026-09-02T04:06:21.386941+00:00,FFIEC CDR Call Bulk All Schedules 09302022.zip,7c298e0ee4e37a55935b5afc25e2b94c82778f9e0b47f14f75c811fccb08dc7a,2022-09-30,1,6090382
https://cdr.ffiec.gov/public/pws/downloadbulkdata.aspx,2026-09-02T04:06:23.323476+00:00,FFIEC CDR Call Bulk All Schedules 12312022.zip,978cc284dc5ae6c13ca7805a2c9da5a714b7eb501e4c6a320aed5deb424268aa,2022-12-31,1,6902760
https://cdr.ffiec.gov/public/pws/downloadbulkdata.aspx,2026-09-02T04:06:24.996305+00:00,FFIEC CDR Call Bulk All Schedules 03312023.zip,6d7d45b61665a2a4fdb7eb2f50ae14ace939806ff4568778c76bd542b5a6fed1,2023-03-31,1,5975897
https://cdr.ffiec.gov/public/pws/downloadbulkdata.aspx,2026-09-02T04:06:26.853037+00:00,FFIEC CDR Call Bulk All Schedules 06302023.zip,a9dbfb56417c1036856bb663b1acf0ace27de5dae0b51fff44cffb9ccf7dfd00,2023-06-30,1,6584954
https://cdr.ffiec.gov/public/pws/downloadbulkdata.aspx,2026-09-02T04:06:28.542265+00:00,FFIEC CDR Call Bulk All Schedules 09302023.zip,e26b31a559e46bf87dcb368829cba1116ec0c2d0e494f7d21dcd785c7ed75f4e,2023-09-30,1,6016856
https://cdr.ffiec.gov/public/pws/downloadbulkdata.aspx,2026-09-02T04:06:30.464198+00:00,FFIEC CDR Call Bulk All Schedules 12312023.zip,4f05c73d021234f9ac951dc66676cdd6fdf0d627566fab951be3350fdffa64f8,2023-12-31,1,6823505
https://cdr.ffiec.gov/public/pws/downloadbulkdata.aspx,2026-09-02T04:06:32.222811+00:00,FFIEC CDR Call Bulk All Schedules 03312024.zip,d42e44d041029be028111b3f0cdd0cd00afc15528a40a6ed43dafabf119d4e3d,2024-03-31,1,5772882
https://cdr.ffiec.gov/public/pws/downloadbulkdata.aspx,2026-09-02T04:06:33.872929+00:00,FFIEC CDR Call Bulk All Schedules 06302024.zip,86fddf04ec80aaf8961ec72d471e805f2706c88fe407d4426f96124ac3464a86,2024-06-30,1,6365082
https://cdr.ffiec.gov/public/pws/downloadbulkdata.aspx,2026-09-02T04:06:35.510644+00:00,FFIEC CDR Call Bulk All Schedules 09302024.zip,122d32ddc3f83abb04dad6044016ecd765fe9ad5815514f14b280df71bbe3755,2024-09-30,1,5840527
https://cdr.ffiec.gov/public/pws/downloadbulkdata.aspx,2026-09-02T04:06:37.363489+00:00,FFIEC CDR Call Bulk All Schedules 12312024.zip,de61a9203ee92b20936685af975a62971cdedfba3a53f2e49320b41a517e28b6,2024-12-31,1,6605584
https://cdr.ffiec.gov/public/pws/downloadbulkdata.aspx,2026-09-02T04:06:38.961484+00:00,FFIEC CDR Call Bulk All Schedules 03312025.zip,19d67728641f0f132d475e29c47d1ee1bb18a562fb515a61bd072d2e70eb9554,2025-03-31,1,5705154
https://cdr.ffiec.gov/public/pws/downloadbulkdata.aspx,2026-09-02T04:06:40.708721+00:00,FFIEC CDR Call Bulk All Schedules 06302025.zip,0a6b0373201fb88a1f7841117a15c38c83923678242451a0e2668fa23fd04068,2025-06-30,1,6231368
https://cdr.ffiec.gov/public/pws/downloadbulkdata.aspx,2026-09-02T04:06:42.305928+00:00,FFIEC CDR Call Bulk All Schedules 09302025.zip,645414d5a2afac536025f7f4674cbbad1c039e6b0fab02683f0aa90f998e1721,2025-09-30,1,5687748
https://cdr.ffiec.gov/public/pws/downloadbulkdata.aspx,2026-09-02T04:00:43.873765+00:00,FFIEC CDR Call Bulk All Schedules 12312025.zip,e0d0059a041a6409677151e4389706b63a7ecbab85eb907138e51b93a0bf5b33,2025-12-31,1,6408275
